mon_year,KM_driven,Fuel_Type,Horse_Power,Color,Transmission,Engine,Doors,Cylinders,Gears,Sport_Model,selling_price
Oct_2006,49805,Diesel,90,Metallic,Manual,2000,3,4,5,0,14310
Oct_2006,77313,Diesel,90,Metallic,Manual,2000,3,4,5,0,14575
Sept_2006,44214,Diesel,90,Metallic,Manual,2000,3,4,5,0,14787
Jul_2006,50880,Diesel,90,Non-Metallic,Manual,2000,3,4,5,0,15847
Mar_2006,40810,Diesel,90,Non-Metallic,Manual,2000,3,4,5,0,14575
Jan_2006,64660,Diesel,90,Non-Metallic,Manual,2000,3,4,5,0,13727
Jun_2006,100289,Diesel,90,Metallic,Manual,2000,3,4,5,1,17914
Mar_2006,80442,Diesel,90,Metallic,Manual,2000,3,4,5,0,19716
Jun_2006,20882,Petrol,192,Non-Metallic,Manual,1800,3,4,5,0,22790
Oct_2006,75406,Diesel,69,Non-Metallic,Manual,1900,3,4,5,0,13727
Aug_2006,33349,Petrol,192,Non-Metallic,Manual,1800,3,4,6,0,22207
Nov_2006,46227,Petrol,192,Non-Metallic,Manual,1800,3,4,6,1,21147
Aug_2006,34120,Petrol,192,Non-Metallic,Manual,1800,3,4,6,1,20776
Feb_2006,24380,Petrol,192,Metallic,Manual,1800,3,4,6,1,22790
Jan_2006,36179,Petrol,192,Metallic,Manual,1800,3,4,6,1,23850
May_2006,19863,Petrol,192,Non-Metallic,Manual,1800,3,4,6,1,23320
Mar_2006,36040,Petrol,192,Metallic,Manual,1800,3,4,5,0,24115
Sept_2006,23019,Petrol,110,Metallic,Manual,1600,3,4,5,0,19027
Sept_2006,27097,Petrol,110,Non-Metallic,Manual,1600,3,4,5,0,17755
Mar_2006,68221,Petrol,110,Metallic,Manual,1600,3,4,5,1,17967
Mar_2006,71720,Petrol,110,Metallic,Manual,1600,3,4,5,1,16907
Apr_2006,46539,Petrol,110,Non-Metallic,Automatic,1600,3,4,5,1,17967
May_2006,59730,Petrol,110,Metallic,Manual,1600,3,4,5,1,16907
May_2006,34153,Petrol,110,Metallic,Manual,1600,3,4,5,1,17967
Apr_2006,27362,Petrol,110,Metallic,Manual,1600,3,4,5,1,17225
Aug_2006,30157,Petrol,110,Metallic,Manual,1600,3,4,5,1,16907
Jun_2006,36618,Petrol,110,Metallic,Manual,1600,3,4,5,0,18545
Apr_2006,43900,Petrol,110,Metallic,Manual,1600,3,4,5,1,16695
May_2006,46791,Petrol,110,Non-Metallic,Manual,1600,3,4,5,1,17967
Mar_2006,11755,Petrol,110,Metallic,Manual,1600,3,4,5,1,19027
Apr_2006,10335,Petrol,97,Metallic,Manual,1400,3,4,5,0,13727
Nov_2006,37311,Petrol,97,Metallic,Manual,1400,3,4,5,1,16695
Jun_2006,31281,Petrol,97,Metallic,Manual,1400,3,4,5,1,16907
Jul_2006,34654,Petrol,97,Metallic,Manual,1400,3,4,5,1,15847
Nov_2006,43460,Petrol,97,Metallic,Manual,1400,3,4,5,1,16430
Jul_2006,45580,Petrol,97,Non-Metallic,Manual,1400,3,4,5,1,16695
Aug_2006,26500,Petrol,97,Non-Metallic,Manual,1400,3,4,5,1,16907
Oct_2006,10600,Petrol,97,Metallic,Manual,1400,3,4,5,1,15847
Jan_2006,26849,Petrol,97,Metallic,Manual,1400,3,4,5,1,16695
Jun_2006,29150,Petrol,97,Non-Metallic,Manual,1400,3,4,5,1,15635
Nov_2006,52003,Petrol,97,Non-Metallic,Manual,1400,3,4,5,1,14787
Jun_2006,46712,Petrol,97,Metallic,Manual,1400,3,4,5,1,17755
Nov_2006,49779,Petrol,97,Non-Metallic,Manual,1400,3,4,5,1,14787
Jun_2006,117028,Diesel,90,Non-Metallic,Manual,2000,5,4,5,1,17967
Nov_2006,106265,Diesel,90,Non-Metallic,Manual,2000,5,4,5,1,17967
Oct_2006,89040,Diesel,90,Non-Metallic,Manual,2000,5,4,5,0,20140
Jun_2006,84138,Diesel,90,Metallic,Manual,2000,5,4,5,1,19027
Nov_2006,79551,Petrol,97,Metallic,Manual,1400,5,4,5,1,16748
Nov_2006,76548,Diesel,90,Metallic,Manual,2000,5,4,5,1,19027
Feb_2006,68881,Petrol,192,Metallic,Manual,1800,5,4,6,1,23267
Nov_2006,66394,Diesel,90,Metallic,Manual,2000,5,4,5,1,19027
Mar_2006,60511,Petrol,97,Metallic,Manual,1400,5,4,5,0,16695
Jul_2006,59360,Petrol,110,Metallic,Automatic,1600,5,4,5,1,21730
Jun_2006,52858,Petrol,192,Metallic,Manual,1800,5,4,5,0,23267
Aug_2006,52113,Petrol,110,Non-Metallic,Automatic,1600,5,4,5,1,16430
Jan_2006,48468,Petrol,110,Metallic,Manual,1600,5,4,5,0,14045
May_2006,45803,Petrol,97,Non-Metallic,Manual,1400,5,4,5,1,16165
Jul_2006,45580,Petrol,97,Non-Metallic,Manual,1400,5,4,5,1,16165
Oct_2006,42086,Petrol,110,Metallic,Automatic,1600,5,4,5,1,20087
Mar_2006,41287,Petrol,110,Metallic,Manual,1600,5,4,5,1,16959
Nov_2006,39644,Petrol,97,Metallic,Manual,1400,5,4,5,1,15847
Jun_2006,39408,Petrol,110,Non-Metallic,Manual,1600,5,4,5,1,17490
Feb_2006,38737,Petrol,110,Metallic,Manual,1600,5,4,5,1,19875
Mar_2006,35522,Petrol,110,Metallic,Manual,1600,5,4,5,1,19027
Jun_2006,34778,Petrol,97,Metallic,Manual,1400,5,4,5,1,19027
Jul_2006,34112,Petrol,110,Metallic,Manual,1600,5,4,5,0,17967
May_2006,32853,Petrol,110,Metallic,Manual,1600,5,4,5,1,20087
Nov_2006,32224,Petrol,97,Metallic,Manual,1400,5,4,5,1,15847
Nov_2006,31800,Diesel,110,Metallic,Manual,2000,5,4,5,1,23585
Aug_2006,31502,Petrol,97,Metallic,Manual,1400,5,4,5,1,16907
May_2006,30958,Petrol,97,Metallic,Manual,1400,5,4,5,1,16907
Jan_2006,30950,Petrol,97,Metallic,Manual,1400,5,4,5,0,13775
May_2006,30546,Petrol,110,Metallic,Manual,1598,5,4,5,0,20087
Oct_2006,29921,Petrol,97,Metallic,Manual,1400,5,4,5,1,16695
May_2006,29680,Petrol,110,Non-Metallic,Manual,1600,5,4,5,0,21147
Oct_2006,29680,Petrol,110,Metallic,Manual,1600,5,4,5,1,17967
Feb_2006,26782,Petrol,110,Metallic,Manual,1600,5,4,5,1,19875
Jun_2006,24898,Petrol,110,Non-Metallic,Manual,1600,5,4,5,1,19557
Apr_2006,23930,Petrol,110,Metallic,Manual,1600,5,4,5,0,17909
Mar_2006,23320,Petrol,97,Metallic,Manual,1400,5,4,5,1,15794
Aug_2006,21220,Petrol,110,Metallic,Automatic,16000,5,4,5,0,20087
Apr_2006,21200,Petrol,110,Metallic,Manual,1600,5,4,5,1,18285
Aug_2006,18023,Petrol,97,Metallic,Manual,1400,5,4,5,1,16377
Feb_2006,17212,Petrol,110,Metallic,Automatic,1600,5,4,5,1,19027
Aug_2006,16339,Petrol,97,Metallic,Manual,1400,5,4,5,1,17649
May_2006,9049,Petrol,110,Metallic,Manual,1600,5,4,5,1,18497
Mar_2006,7420,Petrol,97,Metallic,Manual,1400,5,4,5,0,15794
Jan_2007,70984,Diesel,90,Metallic,Manual,2000,3,4,5,1,19027
Feb_2007,54997,Petrol,97,Metallic,Manual,1400,3,4,5,1,16907
Feb_2007,53005,Diesel,110,Metallic,Manual,2000,3,4,5,1,23267
Jan_2007,50997,Petrol,97,Metallic,Manual,1400,3,4,5,1,17437
Jan_2007,39750,Diesel,90,Metallic,Manual,2000,3,4,5,1,23585
May_2007,36540,Diesel,90,Metallic,Manual,1995,3,4,5,0,21147
Jan_2007,35329,Petrol,97,Metallic,Manual,1400,3,4,5,1,16907
Jan_2007,33761,Petrol,110,Non-Metallic,Manual,1600,3,4,5,0,20034
Apr_2007,32172,Diesel,90,Metallic,Manual,1995,3,4,5,0,21147
Feb_2007,31201,Petrol,97,Metallic,Manual,1400,3,4,5,1,16907
Feb_2007,27505,Petrol,97,Metallic,Manual,1400,3,4,5,1,16907
Oct_2007,25970,Petrol,110,Metallic,Manual,1600,3,4,5,1,19875
Mar_2007,25336,Petrol,97,Metallic,Manual,1400,3,4,5,1,18497
Jan_2007,24566,Petrol,110,Metallic,Manual,1600,3,4,5,1,20129
Feb_2007,20352,Petrol,97,Metallic,Manual,1400,3,4,5,1,17225
Aug_2007,19080,Petrol,71,Non-Metallic,Manual,1400,3,4,5,0,19610
Oct_2007,17090,Petrol,110,Metallic,Manual,1600,3,4,5,1,19610
Oct_2007,15513,Petrol,110,Metallic,Automatic,1600,3,4,5,1,20617
Feb_2007,14573,Petrol,97,Metallic,Manual,1400,3,4,5,0,17967
Jul_2007,12190,Petrol,110,Metallic,Manual,1600,3,4,5,0,19928
Apr_2007,10600,Petrol,97,Metallic,Manual,1400,3,4,5,1,18497
Jan_2007,7618,Petrol,110,Metallic,Manual,1600,3,4,5,1,19027
May_2008,1,Diesel,116,Non-Metallic,Manual,2000,5,4,5,1,34450
May_2008,4240,Diesel,116,Metallic,Manual,2000,5,4,5,1,32860
May_2008,1590,Diesel,116,Metallic,Manual,2000,5,4,5,1,33152
Jan_2008,14048,Diesel,116,Metallic,Manual,2000,5,4,5,0,26447
Jan_2008,14048,Diesel,116,Metallic,Manual,2000,5,4,5,0,26447
Feb_2008,10600,Diesel,116,Metallic,Manual,2000,5,4,5,1,24327
Jan_2008,6360,Diesel,90,Metallic,Manual,2000,5,4,5,1,26489
Jan_2008,11491,Diesel,90,Metallic,Manual,2000,5,4,5,0,23267
Feb_2008,1,Petrol,110,Metallic,Manual,1600,3,4,5,1,18974
Jan_2007,66780,Diesel,90,Metallic,Manual,2000,5,4,5,1,20405
Apr_2007,60752,Diesel,110,Metallic,Manual,2000,5,4,5,0,23585
Aug_2007,60459,Petrol,110,Non-Metallic,Manual,1600,5,4,5,1,20087
Feb_2007,54165,Diesel,90,Metallic,Manual,2000,5,4,5,0,21147
Jul_2007,42411,Petrol,110,Metallic,Manual,1600,5,4,5,0,17331
Jan_2007,41462,Petrol,110,Metallic,Manual,1600,5,4,5,1,20087
Apr_2007,38173,Petrol,110,Non-Metallic,Manual,1600,5,4,5,1,17967
May_2007,38160,Petrol,110,Metallic,Manual,1600,5,4,5,1,23055
Jan_2007,38160,Petrol,110,Metallic,Manual,1600,5,4,5,0,16907
Jan_2007,37100,Petrol,97,Metallic,Manual,1400,5,4,5,1,17490
Apr_2007,35764,Petrol,97,Metallic,Manual,1400,5,4,5,1,19027
Aug_2007,35486,Petrol,110,Metallic,Manual,1600,5,4,5,0,16801
Jan_2007,34585,Petrol,97,Metallic,Manual,1400,5,4,5,1,17225
Jan_2007,31585,Petrol,97,Metallic,Manual,1400,5,4,5,1,16907
Feb_2007,31207,Petrol,97,Metallic,Manual,1400,5,4,5,1,17225
Aug_2007,31133,Petrol,110,Metallic,Manual,1600,4,4,5,0,16907
Jan_2007,30740,Petrol,97,Non-Metallic,Manual,1400,5,4,5,0,17490
Feb_2007,29490,Petrol,97,Non-Metallic,Manual,1400,5,4,5,1,17490
Feb_2007,29013,Petrol,97,Non-Metallic,Manual,1400,5,4,5,1,19557
Aug_2007,26680,Petrol,110,Metallic,Manual,1600,5,4,5,0,17225
Oct_2007,26500,Diesel,116,Metallic,Manual,2000,5,4,5,0,24380
Jan_2007,24380,Petrol,110,Metallic,Manual,1600,5,4,5,0,21094
Jan_2007,23943,Petrol,97,Metallic,Manual,1400,5,4,5,1,17437
Feb_2007,22985,Petrol,192,Metallic,Manual,1800,5,4,5,0,25387
Aug_2007,22714,Petrol,110,Metallic,Manual,1600,5,4,5,1,21147
May_2007,21867,Petrol,110,Metallic,Manual,1600,4,4,5,1,19610
Jun_2007,21486,Petrol,110,Metallic,Manual,1600,5,4,5,1,20087
May_2007,21311,Petrol,97,Non-Metallic,Manual,1400,5,4,5,1,17437
Jan_2007,21200,Petrol,110,Non-Metallic,Automatic,1600,5,4,5,0,21730
Aug_2007,21187,Petrol,110,Metallic,Manual,1600,5,4,5,1,25970
Feb_2007,19428,Petrol,110,Non-Metallic,Manual,1600,5,4,5,1,20617
Jul_2007,18970,Petrol,110,Metallic,Automatic,1600,4,4,5,1,22207
Jan_2007,18338,Petrol,97,Metallic,Manual,1400,5,4,5,1,18232
Feb_2007,18060,Petrol,110,Non-Metallic,Manual,1600,5,4,5,1,21147
Nov_2007,14572,Petrol,97,Metallic,Manual,1400,5,4,5,1,19557
Sept_2007,14452,Petrol,110,Metallic,Manual,1600,5,4,5,1,20670
Aug_2007,13969,Petrol,110,Metallic,Manual,1600,5,4,5,1,23055
Jun_2007,13946,Petrol,97,Metallic,Manual,1400,4,4,5,1,17880
May_2007,13780,Petrol,110,Metallic,Manual,1600,4,4,5,1,20670
Oct_2007,13250,Petrol,110,Metallic,Manual,1600,5,4,5,0,20034
Apr_2007,12719,Petrol,110,Metallic,Manual,1600,5,4,5,1,20935
May_2007,12459,Petrol,110,Non-Metallic,Automatic,1600,5,4,5,1,20935
May_2007,11660,Petrol,110,Metallic,Manual,1600,4,4,5,1,20087
Apr_2007,10600,Petrol,110,Non-Metallic,Manual,1598,5,4,5,1,21995
Dec_2007,8109,Petrol,110,Metallic,Manual,1600,5,4,5,1,20776
Jul_2007,6890,Petrol,110,Metallic,Manual,1600,4,4,5,0,20670
Oct_2007,6524,Petrol,97,Metallic,Manual,1400,5,4,5,0,18709
Jul_2007,6360,Petrol,110,Non-Metallic,Manual,1600,5,4,5,1,21147
Jul_2007,5787,Petrol,110,Metallic,Manual,1600,5,4,5,1,21147
Jul_2007,5595,Petrol,110,Metallic,Automatic,1600,4,4,5,1,22207
Sept_2007,5300,Petrol,110,Metallic,Manual,1600,5,4,5,1,21730
Dec_2007,1,Petrol,98,Metallic,Manual,1400,4,4,5,0,18863
Dec_2007,1,Petrol,110,Metallic,Manual,1600,5,4,5,0,19340
Jan_2008,11660,Petrol,110,Metallic,Manual,1600,5,4,5,0,25175
Jan_2008,10682,Petrol,97,Metallic,Manual,1400,5,4,5,1,20670
Jan_2008,10600,Petrol,97,Metallic,Manual,1400,5,4,5,1,20087
Jan_2008,10375,Petrol,110,Metallic,Manual,1600,5,4,5,1,23267
Jan_2008,9088,Petrol,110,Metallic,Manual,1600,5,4,5,1,21147
Jan_2008,7420,Petrol,110,Non-Metallic,Manual,1600,5,4,5,1,20087
Feb_2008,6625,Petrol,110,Metallic,Manual,1600,5,4,5,0,21147
Jan_2008,5300,Petrol,110,Metallic,Manual,1600,5,4,5,1,23267
Mar_2008,3180,Petrol,110,Non-Metallic,Manual,1600,5,4,5,0,23850
Feb_2008,2120,Petrol,110,Non-Metallic,Manual,1600,5,4,5,0,19610
Feb_2008,477,Petrol,97,Metallic,Manual,1400,5,4,5,1,19822
Jul_2008,238,Petrol,97,Metallic,Manual,1400,5,4,5,1,22392
Jul_2008,16,Petrol,110,Metallic,Manual,1600,5,4,5,1,22790
Aug_2008,1,Petrol,98,Metallic,Manual,1400,4,4,5,0,18863
Aug_2008,1,Petrol,110,Metallic,Manual,1600,5,4,5,0,19340
Feb_2005,257580,Diesel,69,Non-Metallic,Manual,1900,3,4,5,0,7367
Jul_2005,191476,Diesel,90,Non-Metallic,Manual,2000,4,4,5,0,10070
May_2005,190652,Diesel,90,Metallic,Manual,2000,5,4,5,0,12667
Feb_2005,189589,CNG,110,Non-Metallic,Manual,1600,3,4,5,0,8215
May_2005,170660,Diesel,69,Metallic,Manual,1900,3,4,5,0,12667
Jan_2005,167819,Diesel,69,Non-Metallic,Manual,1800,5,4,5,0,4611
Jan_2005,139149,Diesel,69,Metallic,Manual,1800,5,4,5,0,5035
May_2005,137866,Diesel,69,Metallic,Manual,1900,5,4,5,0,12455
Apr_2005,130830,Diesel,69,Metallic,Manual,1900,5,4,5,0,14045
Aug_2005,125310,Petrol,110,Metallic,Manual,1600,5,4,5,0,12667
Jan_2005,116600,Diesel,69,Metallic,Manual,1900,5,4,5,0,12614
Jun_2005,115378,Diesel,90,Metallic,Manual,2000,5,4,5,0,15635
Mar_2005,112041,Petrol,97,Metallic,Manual,1400,3,4,5,0,10547
Jun_2005,104752,CNG,110,Metallic,Manual,1600,5,4,5,0,12667
Jan_2005,102639,Petrol,110,Metallic,Manual,1600,5,4,5,0,12185
May_2005,102309,Petrol,97,Metallic,Manual,1400,3,4,5,0,11925
Mar_2005,97736,Petrol,110,Metallic,Manual,1600,5,4,5,0,11130
Oct_2005,96943,Diesel,69,Metallic,Manual,1900,3,4,5,0,11077
Feb_2005,95366,Diesel,69,Metallic,Manual,1900,5,4,5,0,13727
Jan_2005,95142,Petrol,110,Metallic,Manual,1600,3,4,5,1,12190
May_2005,90512,Petrol,110,Metallic,Manual,1600,5,4,5,0,13250
Feb_2005,90118,Petrol,97,Non-Metallic,Manual,1400,5,4,5,0,11607
Apr_2005,89371,Petrol,110,Non-Metallic,Manual,1600,5,4,5,0,12137
Aug_2005,87708,CNG,110,Metallic,Manual,1600,5,4,5,0,12667
Apr_2005,85972,Diesel,69,Metallic,Manual,1900,5,4,5,0,14045
May_2005,85250,Diesel,90,Metallic,Manual,2000,5,4,5,0,15635
Nov_2005,83398,Petrol,110,Metallic,Automatic,1600,5,4,5,0,12497
May_2005,83130,Petrol,110,Metallic,Manual,1600,5,4,5,0,12137
Dec_2005,82794,Diesel,90,Metallic,Manual,2000,3,4,5,0,14310
Dec_2005,81960,Petrol,110,Metallic,Manual,1600,5,4,5,0,11607
Dec_2005,80241,Diesel,69,Non-Metallic,Manual,1900,3,4,5,0,14310
Apr_2005,80239,Petrol,97,Metallic,Manual,1400,3,4,5,0,11607
Jan_2005,79337,Petrol,97,Metallic,Manual,1400,3,4,5,0,11607
Jul_2005,78778,Petrol,110,Metallic,Manual,1600,5,4,5,0,13727
Feb_2005,78742,Petrol,110,Metallic,Manual,1600,5,4,5,0,12667
Jan_2005,78622,Petrol,110,Metallic,Manual,1600,5,4,5,0,13197
May_2005,77425,Petrol,110,Metallic,Manual,1598,5,4,5,0,12667
Jan_2005,76101,CNG,110,Metallic,Manual,1600,4,4,5,0,15847
Oct_2005,75472,Petrol,110,Metallic,Manual,1600,5,4,5,0,13197
Jul_2005,71873,Petrol,110,Metallic,Manual,1600,5,4,5,0,13727
Oct_2005,69947,Petrol,110,Metallic,Manual,1600,3,4,5,0,12667
Nov_2005,69266,Petrol,97,Metallic,Manual,1400,5,4,5,0,12391
Mar_2005,68438,Petrol,110,Metallic,Manual,1600,5,4,5,0,13197
Sept_2005,67267,Petrol,97,Metallic,Manual,1400,5,4,5,0,13515
Jan_2005,67258,Petrol,97,Non-Metallic,Manual,1400,3,4,5,0,12640
Dec_2005,65720,Petrol,110,Metallic,Manual,1600,5,4,5,0,13727
Mar_2005,64978,Petrol,97,Metallic,Manual,1400,3,4,5,0,12667
Apr_2005,64872,Petrol,110,Metallic,Manual,1600,3,4,5,0,13674
Apr_2005,64660,Petrol,110,Non-Metallic,Manual,1600,5,4,5,0,12614
Jul_2005,64479,Petrol,110,Metallic,Manual,1600,5,4,5,0,12349
Jan_2005,64130,Petrol,110,Non-Metallic,Manual,1600,5,4,5,0,11607
Oct_2005,63070,Diesel,69,Metallic,Manual,1900,3,4,5,0,14787
Jan_2005,62540,Petrol,110,Non-Metallic,Automatic,1600,5,4,5,0,14787
May_2005,62491,Petrol,110,Metallic,Manual,1600,5,4,5,0,12667
Jul_2005,62326,Petrol,110,Metallic,Manual,1600,5,4,5,0,11607
Jul_2005,61865,Petrol,110,Metallic,Manual,1600,3,4,5,1,13197
Feb_2005,61774,Petrol,110,Metallic,Manual,1600,3,4,5,0,12667
Dec_2005,61174,Diesel,90,Metallic,Manual,2000,3,4,5,0,14310
Dec_2005,60705,Petrol,110,Metallic,Manual,1600,5,4,5,0,12391
Jun_2005,59361,Petrol,110,Metallic,Manual,1600,5,4,5,0,14310
Mar_2005,59326,Petrol,110,Non-Metallic,Manual,1600,3,4,5,1,12667
Jun_2005,59019,Petrol,110,Metallic,Manual,1600,4,4,5,0,13674
Feb_2005,58871,Petrol,110,Metallic,Manual,1600,5,4,5,1,14310
Mar_2005,58724,Petrol,110,Non-Metallic,Manual,1600,5,4,5,0,12455
Dec_2005,58671,Petrol,110,Non-Metallic,Manual,1600,5,4,5,0,12455
Feb_2005,57876,Petrol,110,Non-Metallic,Manual,1600,4,4,5,0,11501
Feb_2005,56999,Petrol,110,Metallic,Manual,1600,5,4,5,0,12455
Mar_2005,56942,Petrol,110,Metallic,Automatic,1600,5,4,5,0,15847
Jun_2005,56863,Petrol,110,Metallic,Manual,1600,5,4,5,0,10536
Mar_2005,56551,Petrol,110,Non-Metallic,Manual,1600,5,4,5,0,13674
Jul_2005,56180,Petrol,110,Metallic,Manual,1600,5,4,5,0,14310
Jan_2005,55209,Petrol,97,Metallic,Manual,1400,3,4,5,0,12455
Jan_2005,55120,Petrol,97,Non-Metallic,Manual,1400,3,4,5,0,12667
Dec_2005,55062,Petrol,110,Metallic,Manual,1600,5,4,5,0,14257
Apr_2005,54836,Petrol,97,Metallic,Manual,1400,3,4,5,0,12667
Jun_2005,53925,Petrol,110,Metallic,Manual,1600,5,4,5,0,13245
Apr_2005,53907,Petrol,110,Non-Metallic,Manual,1600,4,4,5,0,14310
May_2005,53678,Petrol,110,Metallic,Manual,1600,5,4,5,0,13515
Jun_2005,53000,Petrol,97,Metallic,Manual,1400,5,4,5,0,12720
Jul_2005,52470,Petrol,110,Metallic,Manual,1600,5,4,5,0,12667
Jan_2005,52292,Petrol,110,Metallic,Manual,1600,5,4,5,0,13245
Nov_2005,52248,Petrol,110,Metallic,Manual,1600,3,4,5,0,13197
May_2005,51889,Diesel,90,Metallic,Manual,2000,5,4,5,0,15635
Jun_2005,51882,Petrol,110,Non-Metallic,Manual,1600,3,4,5,0,11607
Dec_2005,51864,Diesel,69,Metallic,Manual,1900,3,4,5,0,14310
Jul_2005,51089,Petrol,110,Metallic,Manual,1600,5,4,5,0,13727
Oct_2005,50935,Diesel,69,Metallic,Manual,1900,3,4,5,0,14310
Nov_2005,50892,Petrol,110,Metallic,Manual,1600,4,4,5,0,14257
Feb_2005,50880,Petrol,110,Metallic,Manual,1600,5,4,5,0,14310
Apr_2005,50191,Petrol,110,Metallic,Manual,1600,5,4,5,0,12169
Jun_2005,49630,Petrol,97,Metallic,Manual,1400,5,4,5,0,14257
Jun_2005,49496,Petrol,110,Non-Metallic,Manual,1600,3,4,5,0,12185
Feb_2005,49306,Petrol,97,Non-Metallic,Manual,1400,5,4,5,0,13515
Jul_2005,49107,Petrol,110,Metallic,Manual,1600,3,4,5,0,15889
Oct_2005,49082,Petrol,97,Metallic,Manual,1400,5,4,5,0,13727
May_2005,48639,Petrol,110,Metallic,Manual,1600,5,4,5,0,13727
Jun_2005,48456,Petrol,97,Metallic,Manual,1400,5,4,5,0,13621
May_2005,48336,Petrol,110,Metallic,Automatic,1600,5,4,5,0,14787
Apr_2005,48004,Petrol,110,Metallic,Manual,1600,5,4,5,0,12667
Jun_2005,47786,Petrol,110,Metallic,Manual,1600,5,4,5,0,13727
May_2005,47520,Petrol,110,Metallic,Manual,1600,5,4,5,0,12402
Aug_2005,47442,Petrol,97,Non-Metallic,Manual,1400,3,4,5,0,10547
Jan_2005,46871,Petrol,97,Metallic,Manual,1400,5,4,5,0,12609
Feb_2005,46250,Petrol,110,Metallic,Manual,1600,5,4,5,0,13727
Sept_2005,46033,Petrol,110,Metallic,Manual,1600,3,4,5,0,13250
Jun_2005,45849,Petrol,110,Metallic,Manual,1600,5,4,5,0,14708
Oct_2005,45580,Petrol,110,Non-Metallic,Manual,1600,3,4,5,1,11130
Dec_2005,45392,Petrol,110,Metallic,Manual,1600,5,4,5,0,13033
Mar_2005,45114,Petrol,110,Metallic,Manual,1600,5,4,5,0,14787
Jul_2005,44259,Petrol,110,Non-Metallic,Manual,1600,3,4,5,0,11607
Jan_2005,43989,CNG,110,Metallic,Manual,1600,5,4,5,0,13727
May_2005,43819,Petrol,110,Metallic,Manual,1600,5,4,5,0,13621
Oct_2005,43460,Petrol,110,Metallic,Manual,1600,5,4,5,0,14835
Jun_2005,42400,Petrol,110,Metallic,Manual,1600,3,4,5,0,14575
Aug_2005,42142,Petrol,110,Metallic,Manual,1600,5,4,5,0,13515
Apr_2005,42039,Petrol,110,Metallic,Manual,1600,3,4,5,0,13250
Feb_2005,42029,Petrol,110,Non-Metallic,Manual,1600,3,4,5,0,14787
Jun_2005,41895,Petrol,97,Metallic,Manual,1398,3,4,5,0,12190
Jan_2005,41887,Petrol,97,Metallic,Manual,1400,5,4,5,0,14787
Apr_2005,41805,Petrol,97,Non-Metallic,Manual,1400,5,4,5,0,12609
Jan_2005,41340,Petrol,97,Metallic,Manual,1400,3,4,5,0,10547
Mar_2005,41268,Petrol,110,Metallic,Manual,1600,3,4,5,0,14310
Aug_2005,41141,Petrol,97,Non-Metallic,Manual,1400,3,4,5,1,12137
Mar_2005,40985,Petrol,110,Metallic,Manual,1600,5,4,5,0,13197
May_2005,40972,Petrol,110,Metallic,Manual,1600,5,4,5,0,13727
Jan_2005,40769,Petrol,110,Metallic,Manual,1600,5,4,5,0,14835
Mar_2005,40363,Petrol,97,Non-Metallic,Manual,1400,3,4,5,0,12455
Jun_2005,40049,Petrol,97,Metallic,Manual,1400,5,4,5,0,12349
Feb_2005,39831,Petrol,97,Non-Metallic,Manual,1400,3,4,5,0,10547
Apr_2005,39785,Petrol,110,Metallic,Manual,1600,5,4,5,0,14787
Jan_2005,39632,Petrol,110,Metallic,Manual,1600,5,4,5,0,13727
Jul_2005,39559,Petrol,97,Metallic,Manual,1400,3,4,5,0,11607
Mar_2005,39220,Petrol,97,Metallic,Manual,1400,3,4,5,0,10494
Jan_2005,39220,Petrol,110,Non-Metallic,Manual,1600,4,4,5,0,12667
May_2005,38760,Petrol,110,Non-Metallic,Manual,1600,5,4,5,1,12709
Sept_2005,38445,Petrol,110,Metallic,Manual,1600,5,4,5,0,11395
Aug_2005,38238,Petrol,110,Metallic,Automatic,1600,5,4,5,0,14787
Jan_2005,38230,Petrol,110,Metallic,Manual,1600,3,4,5,0,11925
Jun_2005,36675,Petrol,110,Metallic,Manual,1600,5,4,5,0,13727
Apr_2005,36040,Petrol,110,Metallic,Manual,1600,5,4,5,0,12667
Mar_2005,35640,Petrol,97,Metallic,Manual,1400,3,4,5,0,11607
Dec_2005,35606,Petrol,110,Metallic,Manual,1600,5,4,5,0,13727
Oct_2005,35253,Petrol,110,Metallic,Manual,1600,5,4,5,0,13727
Feb_2005,35100,Petrol,110,Metallic,Manual,1600,5,4,5,0,12397
Apr_2005,34980,Petrol,110,Metallic,Automatic,1600,5,4,6,0,11660
Oct_2005,34917,Petrol,110,Metallic,Manual,1600,5,4,5,0,14787
Jul_2005,34748,Petrol,110,Non-Metallic,Manual,1600,5,4,5,0,12667
May_2005,34484,Petrol,110,Metallic,Manual,1600,3,4,5,0,12455
Nov_2005,34377,Petrol,97,Metallic,Manual,1400,5,4,5,0,13144
Oct_2005,33920,Petrol,110,Non-Metallic,Manual,1600,3,4,5,0,13250
Dec_2005,32860,Petrol,110,Metallic,Manual,1600,5,4,5,0,13674
Apr_2005,32848,Petrol,110,Non-Metallic,Manual,1600,3,4,5,0,12932
Feb_2005,32587,Petrol,110,Metallic,Manual,1600,3,4,5,0,13515
Mar_2005,32001,Petrol,110,Metallic,Manual,1600,5,4,5,0,12667
Apr_2005,31499,Petrol,116,Metallic,Manual,1600,5,4,5,0,12614
Jan_2005,31499,Petrol,110,Metallic,Automatic,1600,3,4,5,0,12667
Mar_2005,31418,Petrol,110,Non-Metallic,Manual,1600,3,4,5,1,15847
Apr_2005,30799,Petrol,97,Metallic,Manual,1400,5,4,5,0,12667
Dec_2005,30438,Petrol,110,Metallic,Manual,1600,5,4,5,0,13727
Apr_2005,30285,Petrol,110,Non-Metallic,Manual,1600,5,4,5,0,15847
May_2005,30064,Petrol,110,Metallic,Manual,1600,3,4,5,0,14257
Jul_2005,29839,Petrol,110,Metallic,Manual,1600,5,4,5,0,14575
Feb_2005,28939,Petrol,110,Metallic,Manual,1600,3,4,5,0,13727
Dec_2005,28874,Petrol,110,Metallic,Manual,1600,5,4,5,0,13515
Jun_2005,28800,Petrol,97,Metallic,Manual,1400,5,4,5,0,12609
Mar_2005,28769,Petrol,97,Metallic,Manual,1400,5,4,5,0,10547
Jul_2005,27838,Petrol,110,Metallic,Manual,1600,5,4,5,0,13197
Jul_2005,27560,Petrol,97,Metallic,Manual,1400,5,4,5,0,13250
Feb_2005,26742,Petrol,110,Metallic,Manual,1600,3,4,5,0,15847
Jun_2005,26566,Petrol,110,Metallic,Manual,1600,5,4,5,0,14575
Jun_2005,26206,Petrol,110,Metallic,Automatic,1600,4,4,5,0,13457
Dec_2005,26129,Petrol,110,Metallic,Manual,1600,3,4,5,1,15889
Feb_2005,26026,Petrol,110,Metallic,Manual,1600,5,4,5,0,13515
Apr_2005,25944,Petrol,110,Metallic,Manual,1600,5,4,5,0,15211
Jun_2005,25911,Petrol,110,Metallic,Manual,1600,3,4,5,0,13727
Oct_2005,25452,Petrol,97,Non-Metallic,Manual,1400,3,4,5,0,12190
Apr_2005,25440,Petrol,97,Metallic,Manual,1400,3,4,5,0,12667
May_2005,25033,Petrol,110,Metallic,Manual,1600,5,4,5,0,14257
Jul_2005,24237,Petrol,110,Metallic,Manual,1600,5,4,5,0,13674
Apr_2005,24147,Petrol,86,Metallic,Manual,1300,5,4,5,1,11130
Oct_2005,23218,Petrol,97,Non-Metallic,Manual,1400,3,4,5,0,11607
Apr_2005,22950,Petrol,97,Non-Metallic,Manual,1400,3,4,5,0,12667
Aug_2005,22790,Petrol,110,Metallic,Manual,1600,5,4,5,0,12137
Jan_2005,22289,Petrol,110,Metallic,Manual,1600,5,4,5,0,14045
Jun_2005,19610,Petrol,110,Non-Metallic,Manual,1600,4,4,5,0,10865
Oct_2005,19080,Petrol,110,Metallic,Manual,1600,5,4,5,0,14835
May_2005,18074,Petrol,97,Non-Metallic,Manual,1400,5,4,5,0,12667
Dec_2005,17503,Petrol,97,Metallic,Manual,1400,5,4,5,0,14045
May_2005,17304,Petrol,110,Metallic,Manual,1600,5,4,5,0,13727
Jul_2005,16960,Petrol,97,Metallic,Manual,1400,5,4,5,0,12455
Jun_2005,12720,Petrol,110,Metallic,Manual,1600,5,4,5,0,12190
Feb_2005,10600,Petrol,97,Metallic,Manual,1400,5,4,5,0,14310
Apr_2004,228960,Diesel,69,Non-Metallic,Manual,1900,3,4,5,0,6890
Jun_2004,210057,Diesel,69,Non-Metallic,Manual,1900,4,4,5,0,6784
Apr_2004,186560,Diesel,69,Non-Metallic,Manual,1900,3,4,5,0,7420
Mar_2004,184587,Diesel,72,Metallic,Manual,2000,4,4,5,0,8215
Dec_2004,184440,Diesel,69,Metallic,Manual,1900,5,4,5,0,9434
Feb_2004,159000,CNG,110,Metallic,Manual,1600,3,4,5,0,9010
Mar_2004,158289,Diesel,72,Metallic,Manual,2000,5,4,5,1,9487
Jun_2004,155540,Petrol,110,Metallic,Manual,1600,5,4,5,0,10494
Apr_2004,152124,Diesel,69,Non-Metallic,Manual,1900,5,4,5,0,10865
Sept_2004,150658,CNG,110,Non-Metallic,Manual,1600,5,4,5,0,9805
Sept_2004,149142,Diesel,69,Metallic,Manual,1900,5,4,5,0,8215
Mar_2004,146698,Diesel,69,Metallic,Manual,1900,4,4,5,0,10017
Feb_2004,145220,Diesel,72,Metallic,Manual,2000,5,4,5,1,8215
May_2004,143373,Diesel,69,Metallic,Manual,1900,5,4,5,0,8745
Aug_2004,139246,Petrol,110,Metallic,Manual,1600,5,4,5,0,10547
Jan_2004,136904,Diesel,69,Non-Metallic,Manual,1800,5,4,5,0,4717
Jul_2004,133677,Petrol,110,Non-Metallic,Manual,1600,3,4,5,0,10547
Sept_2004,126927,Petrol,110,Metallic,Manual,1600,5,4,5,0,9540
Apr_2004,124988,Diesel,69,Metallic,Manual,1900,5,4,5,0,10547
Oct_2004,124476,Diesel,90,Metallic,Manual,2000,3,4,5,0,13197
Feb_2004,124206,Petrol,110,Metallic,Manual,1600,4,4,5,0,11130
Mar_2004,122491,Petrol,110,Metallic,Manual,1600,4,4,5,0,11395
Apr_2004,122020,Petrol,97,Metallic,Manual,1400,3,4,5,0,9487
Mar_2004,121949,Diesel,69,Metallic,Manual,1900,5,4,5,0,11130
Jan_2004,120837,Diesel,72,Metallic,Manual,2000,5,4,5,0,5459
Aug_2004,114331,Petrol,97,Non-Metallic,Manual,1400,5,4,5,0,11607
May_2004,111093,Petrol,97,Metallic,Manual,1400,3,4,5,0,10017
Mar_2004,109661,Petrol,110,Metallic,Manual,1600,5,4,5,0,10547
Jun_2004,109199,Diesel,69,Non-Metallic,Manual,1900,5,4,5,0,11607
Oct_2004,108493,Petrol,110,Metallic,Manual,1600,5,4,5,0,12614
Jul_2004,108152,Petrol,97,Metallic,Manual,1400,5,4,5,0,10547
Mar_2004,107433,Petrol,110,Non-Metallic,Manual,1600,5,4,5,0,12667
Jul_2004,105857,Petrol,110,Metallic,Manual,1600,4,4,5,0,8374
May_2004,105282,Petrol,110,Metallic,Manual,1600,3,4,5,0,11607
Sept_2004,103986,Diesel,69,Metallic,Manual,1900,5,4,5,0,9487
Jun_2004,103922,Petrol,110,Non-Metallic,Manual,1600,5,4,5,0,12667
Aug_2004,103456,Petrol,110,Metallic,Manual,1600,3,4,5,0,11554
Feb_2004,103068,Petrol,110,Non-Metallic,Manual,1600,5,4,5,0,10547
Jun_2004,101903,Diesel,72,Non-Metallic,Manual,2000,3,4,5,1,10547
Mar_2004,101866,Petrol,110,Metallic,Manual,1600,5,4,5,0,11607
Feb_2004,100065,Diesel,72,Non-Metallic,Manual,2000,3,4,5,1,9487
Feb_2004,99769,Petrol,86,Metallic,Manual,1300,3,4,5,1,9487
Aug_2004,96820,Petrol,110,Metallic,Manual,1600,3,4,5,0,11130
Apr_2004,95612,Petrol,97,Non-Metallic,Manual,1400,3,4,5,0,9487
Apr_2004,95503,Diesel,69,Metallic,Manual,1900,5,4,5,0,9805
Sept_2004,94392,Petrol,97,Metallic,Manual,1400,5,4,5,0,12190
May_2004,94340,Petrol,110,Non-Metallic,Manual,1600,5,4,5,0,10335
Dec_2004,92510,Petrol,110,Metallic,Manual,1600,3,4,5,0,10547
Aug_2004,91394,Petrol,110,Non-Metallic,Manual,1600,3,4,5,0,12137
Mar_2004,89674,Petrol,110,Non-Metallic,Manual,1600,5,4,5,0,13250
Jul_2004,88581,Petrol,110,Non-Metallic,Manual,1600,5,4,5,0,11130
Jul_2004,88092,Petrol,110,Metallic,Manual,1600,5,4,5,0,13727
Jul_2004,87773,Petrol,110,Metallic,Manual,1600,3,4,5,0,12932
Jul_2004,87699,Petrol,97,Metallic,Manual,1400,3,4,5,0,11607
Mar_2004,86819,Petrol,110,Metallic,Manual,1600,5,4,5,0,11607
Aug_2004,85139,Petrol,110,Metallic,Automatic,1600,3,4,5,0,11967
Aug_2004,84895,Petrol,97,Metallic,Manual,1400,3,4,5,0,11395
Apr_2004,84588,Petrol,110,Non-Metallic,Manual,1600,5,4,5,0,11549
Oct_2004,83512,CNG,110,Metallic,Manual,1600,5,4,5,0,12190
Sept_2004,83316,Petrol,110,Metallic,Manual,1600,5,4,5,0,10335
Feb_2004,82447,Petrol,110,Non-Metallic,Manual,1600,3,4,5,0,10865
Aug_2004,82307,Petrol,110,Non-Metallic,Manual,1600,4,4,5,0,13250
Mar_2004,81906,Petrol,110,Metallic,Manual,1600,4,4,5,0,12667
Jul_2004,80737,Petrol,97,Metallic,Manual,1400,5,4,5,0,11395
Nov_2004,79764,Petrol,110,Metallic,Manual,1600,4,4,5,0,12137
Mar_2004,79745,Petrol,110,Metallic,Manual,1600,5,4,5,0,12667
Sept_2004,79548,Petrol,110,Metallic,Manual,1600,3,4,6,0,12455
Jul_2004,79340,Petrol,110,Metallic,Automatic,1600,4,4,5,0,11607
Feb_2004,79198,Petrol,110,Metallic,Manual,1600,5,4,5,0,12667
Aug_2004,79135,Diesel,69,Non-Metallic,Manual,1900,3,4,5,0,11655
Jan_2004,78970,Petrol,97,Non-Metallic,Manual,1400,3,4,5,0,12137
Aug_2004,78964,Petrol,110,Metallic,Manual,1600,5,4,5,0,9434
Jul_2004,78052,Petrol,110,Non-Metallic,Manual,1587,5,4,5,0,11130
Oct_2004,77807,Petrol,110,Metallic,Manual,1600,5,4,5,0,12455
Aug_2004,77566,Petrol,97,Metallic,Manual,1400,3,4,5,0,12137
May_2004,77380,Petrol,110,Non-Metallic,Manual,1600,3,4,5,0,12720
Jul_2004,76577,Petrol,110,Non-Metallic,Automatic,1600,3,4,5,0,12667
Apr_2004,76320,Petrol,97,Metallic,Manual,1400,3,4,5,0,10441
Mar_2004,76028,Petrol,110,Metallic,Manual,1600,4,4,5,0,11607
Mar_2004,75553,Petrol,110,Non-Metallic,Manual,1600,5,4,5,0,11607
Jul_2004,74666,Diesel,69,Metallic,Manual,1900,3,4,5,0,9217
Apr_2004,74453,Petrol,110,Non-Metallic,Manual,1600,3,4,5,0,11649
Feb_2004,74002,Petrol,97,Metallic,Manual,1400,3,4,5,0,10070
Aug_2004,73839,Petrol,86,Non-Metallic,Manual,1300,3,4,6,1,12667
Nov_2004,73748,Petrol,97,Non-Metallic,Manual,1400,5,4,5,0,11395
Oct_2004,73140,Diesel,69,Metallic,Manual,1900,5,4,5,0,9275
Aug_2004,72679,Petrol,110,Metallic,Manual,1600,4,4,5,0,9275
Feb_2004,72631,Diesel,72,Metallic,Manual,2000,3,4,5,0,12137
Nov_2004,72519,Petrol,97,Non-Metallic,Manual,1400,3,4,5,0,10547
Jan_2004,70784,Petrol,110,Non-Metallic,Manual,1600,5,4,5,0,12667
May_2004,70519,Petrol,110,Metallic,Manual,1600,5,4,5,0,14787
Mar_2004,70027,Petrol,110,Metallic,Manual,1600,5,4,5,0,11925
Jul_2004,69399,Petrol,97,Metallic,Manual,1400,5,4,5,0,11554
Jan_2004,69324,Petrol,97,Metallic,Manual,1400,3,4,5,0,10335
May_2004,69080,Petrol,97,Metallic,Manual,1400,3,4,5,0,10547
Jan_2004,68900,Petrol,110,Metallic,Manual,1600,5,4,5,0,12667
Sept_2004,68045,Petrol,110,Metallic,Manual,1600,3,4,5,0,11077
Mar_2004,67840,Petrol,97,Metallic,Manual,1400,3,4,5,0,9487
Mar_2004,67620,Petrol,110,Metallic,Manual,1600,5,4,5,0,10865
Apr_2004,67453,Petrol,110,Metallic,Manual,1600,4,4,5,0,10526
Mar_2004,66923,Petrol,110,Metallic,Manual,1600,3,4,5,0,11130
Mar_2004,66910,Petrol,110,Metallic,Manual,1600,4,4,5,0,12667
Sept_2004,66780,Diesel,69,Metallic,Manual,1900,5,4,5,0,12190
Feb_2004,66780,Petrol,110,Non-Metallic,Manual,1600,4,4,5,0,12190
Mar_2004,66766,Petrol,110,Non-Metallic,Manual,1600,5,4,5,0,12137
Jan_2004,66516,Petrol,110,Non-Metallic,Manual,1600,3,4,5,1,10494
Mar_2004,66270,Petrol,97,Non-Metallic,Manual,1400,3,4,5,0,10070
Jul_2004,66017,Petrol,97,Metallic,Manual,1400,5,4,5,0,11130
Jul_2004,65372,Petrol,110,Non-Metallic,Manual,1600,5,4,5,0,11395
Mar_2004,64660,Diesel,69,Non-Metallic,Manual,2000,5,4,5,0,9487
Jan_2004,64660,Petrol,110,Metallic,Manual,1600,3,4,5,0,12720
Apr_2004,64191,Petrol,110,Metallic,Manual,1600,4,4,5,0,10536
Oct_2004,63969,Petrol,110,Non-Metallic,Manual,1600,4,4,5,0,11607
Mar_2004,63853,Petrol,110,Metallic,Manual,1600,5,4,5,0,11395
Jun_2004,62540,Petrol,97,Metallic,Manual,1400,3,4,5,0,10387
Jun_2004,62287,Petrol,97,Non-Metallic,Manual,1300,5,4,5,0,12455
Mar_2004,62270,Petrol,110,Metallic,Manual,1600,4,4,5,0,12667
May_2004,62112,Petrol,110,Metallic,Manual,1600,3,4,5,0,11925
Mar_2004,62042,Petrol,110,Non-Metallic,Manual,1600,5,4,5,0,12455
Feb_2004,61880,Petrol,110,Metallic,Manual,1600,3,4,5,1,11607
Jan_2004,61631,Petrol,110,Metallic,Manual,1600,5,4,5,0,11925
Apr_2004,61425,Petrol,97,Metallic,Manual,1400,3,4,5,0,10547
Jun_2004,61104,Petrol,110,Non-Metallic,Manual,1600,5,4,5,0,10282
Oct_2004,60950,Petrol,110,Metallic,Manual,1600,4,4,5,0,12667
Apr_2004,60924,Petrol,110,Non-Metallic,Manual,1600,3,4,5,0,10494
Feb_2004,60148,Petrol,110,Non-Metallic,Manual,1600,3,4,5,0,10589
Sept_2004,60076,Petrol,97,Metallic,Manual,1400,3,4,5,0,10044
Mar_2004,59230,Petrol,110,Metallic,Manual,1600,5,4,5,0,12190
Apr_2004,58830,Petrol,110,Metallic,Manual,1600,4,4,5,0,12667
Feb_2004,58194,Petrol,97,Metallic,Manual,1400,5,4,5,0,12190
Jul_2004,57733,Petrol,110,Non-Metallic,Manual,1600,5,4,5,0,11130
Nov_2004,56922,Petrol,97,Metallic,Manual,1400,5,4,5,0,11554
May_2004,56775,Petrol,97,Metallic,Manual,1400,5,4,5,0,12402
Jun_2004,56612,Petrol,110,Metallic,Manual,1600,5,4,5,0,12614
Jun_2004,56464,Petrol,110,Metallic,Manual,1600,5,4,5,0,14787
Aug_2004,56303,Petrol,97,Metallic,Manual,1400,3,4,5,0,11607
Jan_2004,55595,Petrol,97,Non-Metallic,Manual,1400,3,4,5,0,11130
Feb_2004,55278,Petrol,97,Metallic,Manual,1400,3,4,5,0,11395
Feb_2004,55269,Petrol,110,Metallic,Manual,1600,5,4,5,0,12667
Jan_2004,55120,Petrol,97,Non-Metallic,Manual,1400,3,4,5,0,10600
Sept_2004,54025,Petrol,97,Metallic,Manual,1400,5,4,5,0,11125
Jul_2004,53424,Petrol,110,Non-Metallic,Manual,1600,5,4,5,0,12137
Mar_2004,53000,Petrol,97,Metallic,Manual,1400,3,4,5,0,9964
Jun_2004,53000,Petrol,86,Metallic,Manual,1300,5,4,5,0,12667
Apr_2004,52967,Petrol,110,Non-Metallic,Manual,1600,5,4,5,0,10229
Aug_2004,52542,Petrol,110,Metallic,Manual,1600,3,4,5,0,20087
Jun_2004,52441,Petrol,110,Non-Metallic,Manual,1600,3,4,5,0,12137
May_2004,52398,Petrol,110,Metallic,Manual,1600,3,4,5,0,10865
Sept_2004,52382,Petrol,110,Metallic,Manual,1600,3,4,5,0,12137
Mar_2004,52328,Petrol,97,Metallic,Manual,1400,3,4,5,0,10547
Jan_2004,51655,Petrol,110,Metallic,Manual,1600,3,4,5,0,11130
Mar_2004,51272,Petrol,110,Metallic,Manual,1600,5,4,5,0,14575
Sept_2004,50955,Petrol,97,Non-Metallic,Manual,1400,3,4,5,0,10547
Mar_2004,50723,Petrol,110,Metallic,Manual,1600,4,4,5,0,10865
Mar_2004,50634,Petrol,110,Non-Metallic,Manual,1600,3,4,5,0,11501
May_2004,50550,Petrol,110,Non-Metallic,Manual,1600,5,4,5,0,12609
Apr_2004,50298,Petrol,110,Metallic,Manual,1600,3,4,5,1,13727
Jul_2004,50052,Petrol,110,Metallic,Manual,1600,5,4,5,0,12667
Jan_2004,50044,Petrol,110,Metallic,Manual,1600,5,4,5,0,11395
Mar_2004,49667,Petrol,97,Non-Metallic,Manual,1400,5,4,5,0,10123
Jan_2004,49290,Petrol,86,Non-Metallic,Manual,1300,5,4,5,0,11607
May_2004,49236,Petrol,110,Metallic,Manual,1600,4,4,5,0,12455
Oct_2004,49174,Petrol,110,Non-Metallic,Manual,1600,5,4,5,0,11607
Mar_2004,49004,Petrol,110,Metallic,Manual,1600,3,4,5,0,13197
May_2004,48791,Petrol,110,Metallic,Manual,1600,4,4,5,0,11130
Jul_2004,48760,Petrol,97,Non-Metallic,Manual,1400,3,4,5,0,11554
Jul_2004,48654,Petrol,110,Metallic,Manual,1600,5,4,5,0,13727
Oct_2004,48601,Petrol,97,Non-Metallic,Manual,1400,5,4,5,0,11607
Jan_2004,48056,Petrol,110,Metallic,Manual,1600,5,4,5,0,13250
Feb_2004,47209,Petrol,97,Non-Metallic,Manual,1400,3,4,5,0,10547
Jan_2004,46322,Petrol,86,Metallic,Manual,1300,3,4,5,0,11395
Sept_2004,45707,Petrol,97,Metallic,Manual,1400,3,4,5,0,13250
Aug_2004,44213,Petrol,110,Non-Metallic,Manual,1600,3,4,5,0,11077
May_2004,44202,Petrol,97,Metallic,Manual,1400,3,4,5,0,11395
Aug_2004,44134,Petrol,110,Metallic,Manual,1600,5,4,5,0,13727
Jul_2004,43749,Petrol,97,Non-Metallic,Manual,1400,5,4,5,0,11655
Aug_2004,43286,Petrol,110,Non-Metallic,Automatic,1600,3,4,5,0,12667
Jul_2004,42824,Petrol,97,Metallic,Manual,1400,5,4,5,0,11925
Oct_2004,42783,Petrol,110,Metallic,Manual,1600,5,4,5,1,12667
Mar_2004,42744,Petrol,86,Non-Metallic,Manual,1300,5,4,5,0,14575
Oct_2004,42400,Petrol,110,Non-Metallic,Manual,1600,5,4,5,0,11660
Jul_2004,42088,Petrol,110,Metallic,Manual,1600,5,4,5,0,14310
Mar_2004,41648,Petrol,110,Metallic,Manual,1600,3,4,5,0,11607
Mar_2004,41340,Petrol,97,Non-Metallic,Manual,1400,3,4,5,0,11395
Oct_2004,41234,Petrol,97,Metallic,Manual,1400,3,4,5,0,9487
Jun_2004,40707,Petrol,110,Non-Metallic,Manual,1600,3,4,5,0,13727
Jan_2004,39709,Petrol,97,Non-Metallic,Manual,1400,3,4,5,0,10335
Mar_2004,39220,Petrol,97,Metallic,Manual,1400,3,4,5,0,11554
Feb_2004,38590,Petrol,110,Metallic,Manual,1600,4,4,5,0,11655
Sept_2004,38165,Petrol,97,Metallic,Manual,1400,5,4,5,0,11395
May_2004,38160,Petrol,110,Metallic,Manual,1600,5,4,5,0,11607
Aug_2004,38160,Petrol,110,Non-Metallic,Manual,1600,5,4,5,0,13780
Dec_2004,38160,Petrol,110,Metallic,Automatic,1600,3,4,5,0,13727
May_2004,37972,Petrol,110,Non-Metallic,Manual,1600,5,4,5,0,12190
Jan_2004,37344,Petrol,97,Non-Metallic,Manual,1400,3,4,5,0,11607
Sept_2004,37251,Petrol,110,Non-Metallic,Manual,1600,3,4,5,0,12413
Aug_2004,36983,Petrol,97,Non-Metallic,Manual,1400,3,4,5,0,10579
Jun_2004,36975,Petrol,110,Metallic,Manual,1600,5,4,5,0,12985
Nov_2004,36040,Petrol,110,Metallic,Manual,1600,5,4,5,0,12190
Jan_2004,36038,Petrol,110,Non-Metallic,Manual,1600,5,4,5,0,12667
Feb_2004,35224,Petrol,110,Non-Metallic,Manual,1600,3,4,5,1,12190
Nov_2004,35002,Petrol,110,Metallic,Manual,1600,5,4,5,0,12614
Aug_2004,33919,Petrol,97,Non-Metallic,Manual,1400,3,4,5,0,12646
May_2004,33474,Petrol,97,Non-Metallic,Manual,1400,3,4,5,0,11130
Jan_2004,32860,Petrol,97,Non-Metallic,Manual,1400,3,4,5,0,9487
Nov_2004,32654,Petrol,97,Metallic,Manual,1400,5,4,5,0,11077
Feb_2004,32289,Petrol,86,Metallic,Manual,1300,5,4,5,0,11130
Jul_2004,31467,Petrol,110,Metallic,Automatic,1600,3,4,5,0,13727
Feb_2004,31429,Petrol,86,Non-Metallic,Manual,1300,3,4,6,1,10547
May_2004,31270,Petrol,110,Metallic,Manual,1600,3,4,5,0,13674
Sept_2004,30375,Petrol,97,Non-Metallic,Manual,1400,3,4,5,0,10547
Feb_2004,29150,Petrol,97,Metallic,Manual,1400,3,4,5,0,10547
Sept_2004,28554,Petrol,110,Metallic,Manual,1600,3,4,5,0,11607
Apr_2004,28221,Petrol,97,Non-Metallic,Manual,1400,5,4,5,0,11607
Oct_2004,27794,Petrol,97,Metallic,Manual,1400,3,4,5,0,10547
Jul_2004,24007,Petrol,97,Metallic,Manual,1400,5,4,5,0,11607
Jul_2004,23850,Petrol,97,Metallic,Manual,1400,3,4,5,0,11448
Jan_2004,20472,Petrol,97,Non-Metallic,Manual,1400,3,4,5,0,11130
Jul_2004,18676,Petrol,110,Non-Metallic,Manual,1600,4,4,5,0,11077
Jun_2004,18093,Petrol,97,Metallic,Manual,1400,3,4,5,0,11236
Sept_2004,15900,Petrol,97,Metallic,Manual,1400,3,4,5,0,11077
Jul_2004,10823,Petrol,97,Non-Metallic,Manual,1400,5,4,5,0,13727
Oct_2004,5628,Petrol,110,Metallic,Automatic,1600,3,4,5,0,11925
Jul_2004,1,Diesel,90,Metallic,Manual,2000,3,4,5,0,7950
May_2004,32860,Petrol,97,Non-Metallic,Manual,1398,3,4,5,0,9487
Nov_2003,217300,Diesel,72,Metallic,Manual,2000,4,4,5,0,7367
Jan_2003,216505,Diesel,72,Non-Metallic,Manual,2000,3,4,5,1,8374
Jan_2003,206218,Petrol,86,Non-Metallic,Manual,1300,4,4,5,0,6307
Oct_2003,202354,Diesel,72,Metallic,Manual,2000,3,4,5,1,7950
Jul_2003,194510,Diesel,72,Metallic,Manual,2000,5,4,5,0,7950
Apr_2003,186755,Diesel,72,Metallic,Manual,2000,3,4,5,0,7314
Feb_2003,185323,Diesel,72,Non-Metallic,Manual,2000,4,4,5,0,6096
Jan_2003,165063,Petrol,86,Metallic,Manual,1300,3,4,5,1,7367
Feb_2003,164830,Petrol,110,Metallic,Manual,1600,5,4,5,0,8427
Oct_2003,164070,Diesel,72,Metallic,Manual,2000,3,4,5,0,8215
May_2003,163730,Diesel,72,Metallic,Manual,2000,5,4,5,0,8427
May_2003,159620,Petrol,110,Metallic,Manual,1600,3,4,6,1,8745
Feb_2003,157940,Diesel,90,Metallic,Manual,2000,5,4,5,0,6625
Jul_2003,156494,Diesel,72,Non-Metallic,Manual,2000,5,4,5,0,10070
Oct_2003,153192,Diesel,72,Metallic,Manual,2000,5,4,5,0,7314
May_2003,152640,CNG,110,Metallic,Manual,1600,3,4,6,0,8957
Apr_2003,148578,Diesel,72,Metallic,Manual,2000,3,4,5,1,7791
Jan_2003,148400,Petrol,110,Metallic,Manual,1600,5,4,5,1,9487
Sept_2003,148188,Diesel,72,Non-Metallic,Manual,2000,3,4,5,0,7314
Oct_2003,145273,CNG,110,Metallic,Manual,1600,3,4,5,1,9487
Aug_2003,145173,Petrol,110,Non-Metallic,Manual,1600,3,4,6,1,9275
Feb_2003,143457,CNG,110,Metallic,Manual,1600,5,4,5,0,8427
May_2003,141795,Diesel,72,Metallic,Manual,2000,3,4,5,0,9487
Nov_2003,141409,Diesel,72,Metallic,Manual,2000,5,4,5,1,9487
Apr_2003,140775,Diesel,72,Metallic,Manual,2000,5,4,5,1,9487
May_2003,140337,Diesel,72,Non-Metallic,Manual,2000,5,4,5,1,8427
Sept_2003,138086,Petrol,110,Non-Metallic,Manual,1600,3,4,5,0,8215
Oct_2003,137800,Diesel,72,Metallic,Manual,2000,4,4,5,0,7950
Feb_2003,134620,Diesel,72,Metallic,Manual,2000,5,4,5,1,9487
Feb_2003,134408,Diesel,72,Non-Metallic,Manual,2000,5,4,5,0,10388
Mar_2003,134039,Petrol,110,Metallic,Manual,1600,5,4,5,1,10017
Jul_2003,132686,Diesel,116,Non-Metallic,Manual,2000,5,4,5,0,9487
Jan_2003,132500,Diesel,72,Metallic,Manual,2000,3,4,5,1,9275
Aug_2003,130380,Diesel,72,Non-Metallic,Manual,2000,5,4,5,1,11130
Oct_2003,128924,Petrol,86,Non-Metallic,Manual,1300,5,4,5,1,8475
May_2003,127624,Petrol,110,Non-Metallic,Manual,1600,5,4,5,0,11077
Mar_2003,127200,Diesel,72,Non-Metallic,Manual,2000,4,4,5,0,10547
Jan_2003,126713,Petrol,110,Non-Metallic,Manual,1600,3,4,5,0,10547
Jan_2003,126670,Petrol,110,Metallic,Manual,1600,5,4,5,0,9487
Jan_2003,126446,Petrol,110,Metallic,Manual,1600,4,4,5,0,8427
Dec_2003,125963,Petrol,110,Non-Metallic,Manual,1600,3,4,6,1,11607
May_2003,125080,Diesel,72,Metallic,Manual,2000,5,4,5,1,10547
Jan_2003,125032,Petrol,110,Metallic,Automatic,1600,4,4,5,0,9116
Apr_2003,124666,Petrol,86,Non-Metallic,Manual,1300,3,4,5,1,7685
Jan_2003,124020,Diesel,72,Non-Metallic,Manual,2000,3,4,5,1,7367
May_2003,122960,Petrol,86,Non-Metallic,Manual,1300,5,4,5,1,8480
Nov_2003,122658,Petrol,110,Non-Metallic,Manual,1600,5,4,5,0,10547
Sept_2003,122102,CNG,110,Metallic,Manual,1600,4,4,5,0,10017
Jan_2003,121975,Petrol,110,Metallic,Manual,1600,3,4,5,0,8427
Jun_2003,121900,CNG,110,Non-Metallic,Manual,1600,3,4,5,0,10017
May_2003,121737,Petrol,110,Metallic,Manual,1600,5,4,5,0,10547
Apr_2003,121246,Diesel,90,Non-Metallic,Manual,2000,3,4,5,0,7367
Oct_2003,120522,Petrol,110,Metallic,Manual,1600,5,4,5,0,8745
Feb_2003,119905,Petrol,86,Metallic,Manual,1300,3,4,5,0,10547
Oct_2003,119597,Petrol,86,Metallic,Manual,1300,5,4,5,0,8745
Jan_2003,118843,Petrol,110,Metallic,Manual,1600,5,4,5,1,10547
Mar_2003,118720,Petrol,110,Metallic,Manual,1600,3,4,6,1,11130
Jul_2003,118720,Diesel,72,Non-Metallic,Manual,2000,4,4,5,0,8427
Apr_2003,118475,Petrol,110,Non-Metallic,Manual,1600,3,4,6,1,10335
Aug_2003,117504,Petrol,110,Metallic,Manual,1600,5,4,5,1,9805
Jan_2003,116904,Petrol,110,Metallic,Manual,1600,3,4,5,0,10070
Jul_2003,116120,Petrol,110,Non-Metallic,Manual,1600,5,4,5,0,10547
Jun_2003,115784,Petrol,110,Non-Metallic,Manual,1600,3,4,5,1,8215
Jan_2003,115699,Petrol,110,Non-Metallic,Manual,1600,5,4,5,0,10070
Feb_2003,115321,Petrol,110,Metallic,Manual,1600,4,4,5,0,10547
May_2003,113191,Petrol,110,Non-Metallic,Automatic,1600,3,4,5,0,10335
Nov_2003,112299,Petrol,86,Non-Metallic,Manual,1300,5,4,5,0,10335
Oct_2003,111300,Petrol,86,Metallic,Manual,1300,3,4,5,0,6307
Jul_2003,111300,Petrol,86,Non-Metallic,Manual,1300,5,4,5,1,9010
Jan_2003,110557,Petrol,110,Metallic,Manual,1600,5,4,5,1,9005
Feb_2003,110240,Petrol,86,Non-Metallic,Manual,1300,3,4,5,0,9805
Jan_2003,110240,Petrol,86,Metallic,Manual,1300,3,4,5,0,7314
Nov_2003,109665,Petrol,86,Metallic,Manual,1300,3,4,5,1,9487
Jun_2003,109604,Petrol,110,Metallic,Manual,1600,5,4,5,0,10070
Jun_2003,108975,Petrol,86,Non-Metallic,Manual,1300,5,4,5,0,9805
Jan_2003,108644,Petrol,110,Non-Metallic,Manual,1600,5,4,5,0,10489
Dec_2003,108438,Diesel,72,Metallic,Manual,2000,5,4,5,0,10547
Aug_2003,108232,Petrol,110,Non-Metallic,Manual,1600,3,4,5,1,8427
Jan_2003,108002,Petrol,110,Metallic,Manual,1600,5,4,5,0,9275
Dec_2003,107898,Diesel,72,Non-Metallic,Manual,2000,3,4,5,1,8745
Jun_2003,107557,Petrol,110,Metallic,Manual,1600,3,4,6,1,9487
Jan_2003,107061,Petrol,110,Non-Metallic,Manual,1600,5,4,5,0,9487
Aug_2003,106793,Petrol,110,Non-Metallic,Manual,1600,5,4,5,1,9487
Apr_2003,106583,Petrol,110,Metallic,Manual,1600,5,4,5,0,9487
Feb_2003,105768,Petrol,110,Metallic,Manual,1600,5,4,5,1,10017
Oct_2003,104577,Petrol,86,Metallic,Manual,1300,3,4,5,0,9487
Apr_2003,104410,Petrol,110,Metallic,Manual,1600,5,4,5,0,9805
May_2003,104188,Petrol,86,Non-Metallic,Manual,1300,4,4,5,0,9275
Aug_2003,103507,Petrol,110,Metallic,Manual,1600,3,4,6,1,10547
Aug_2003,103270,Petrol,110,Metallic,Manual,1600,5,4,5,0,10547
Apr_2003,103003,Petrol,86,Non-Metallic,Manual,1300,3,4,5,1,10494
Mar_2003,102869,Petrol,86,Metallic,Manual,1300,4,4,5,0,9487
Feb_2003,101760,Petrol,110,Metallic,Manual,1600,3,4,5,1,9487
Sept_2003,101760,Diesel,72,Non-Metallic,Manual,2000,4,4,5,0,12985
Feb_2003,101495,Petrol,110,Metallic,Manual,1600,5,4,5,0,9805
Aug_2003,100856,Petrol,110,Metallic,Manual,1600,3,4,5,0,10865
Jan_2003,100700,Petrol,110,Non-Metallic,Manual,1600,3,4,5,0,9487
Apr_2003,100700,Petrol,110,Metallic,Manual,1600,3,4,5,0,8479
Mar_2003,100282,Petrol,110,Non-Metallic,Manual,1600,3,4,5,0,10494
Jun_2003,100174,Petrol,86,Metallic,Manual,1300,4,4,5,0,8745
Apr_2003,99034,Petrol,110,Metallic,Manual,1600,5,4,5,0,11130
Apr_2003,99012,Petrol,86,Non-Metallic,Manual,1300,3,4,5,1,8957
Jan_2003,98894,Petrol,110,Metallic,Manual,1600,5,4,5,0,10494
Jul_2003,98684,Petrol,110,Metallic,Manual,1600,5,4,5,0,11130
Feb_2003,98497,Diesel,72,Metallic,Manual,2000,4,4,5,0,9010
Aug_2003,98048,Petrol,110,Metallic,Manual,1600,3,4,5,1,10070
Apr_2003,97760,Petrol,110,Non-Metallic,Manual,1600,3,4,6,1,10017
Jan_2003,96995,Diesel,72,Non-Metallic,Manual,2000,3,4,5,0,10494
May_2003,96813,Petrol,110,Metallic,Manual,1600,3,4,5,1,8745
Apr_2003,96721,Petrol,86,Metallic,Manual,1300,3,4,5,1,9275
Nov_2003,96460,Petrol,110,Metallic,Manual,1600,5,4,5,0,10070
Jan_2003,96171,Petrol,110,Non-Metallic,Manual,1600,3,4,5,1,8957
Jul_2003,95400,Petrol,110,Non-Metallic,Manual,1600,3,4,5,1,8999
Sept_2003,94951,Petrol,110,Non-Metallic,Manual,1600,4,4,5,0,9275
May_2003,94494,Petrol,86,Metallic,Manual,1300,3,4,5,1,10335
Jun_2003,94340,Petrol,110,Metallic,Manual,1600,5,4,5,0,10547
Jan_2003,94135,Petrol,110,Non-Metallic,Manual,1600,3,4,5,0,9010
Jun_2003,94006,Petrol,110,Non-Metallic,Manual,1600,5,4,5,1,8957
Jul_2003,93987,Petrol,110,Metallic,Manual,1600,4,4,5,0,8374
Dec_2003,93789,Petrol,110,Metallic,Manual,1600,3,4,5,1,9275
Aug_2003,93415,Petrol,86,Non-Metallic,Manual,1300,3,4,5,1,8427
Jul_2003,93280,Petrol,86,Non-Metallic,Manual,1300,3,4,5,0,7314
Apr_2003,93090,Petrol,86,Metallic,Manual,1300,3,4,5,0,8639
Oct_2003,92913,Petrol,86,Metallic,Automatic,1300,5,4,5,0,11655
Oct_2003,92101,Petrol,110,Metallic,Manual,1600,3,4,5,1,9434
Oct_2003,92083,Petrol,86,Metallic,Manual,1300,5,4,5,0,10070
Jan_2003,91917,Petrol,110,Metallic,Manual,1600,4,4,5,0,9487
Apr_2003,91042,Petrol,110,Non-Metallic,Manual,1600,3,4,6,0,12190
Jul_2003,90100,Petrol,110,Metallic,Manual,1600,3,4,5,0,11077
Sept_2003,90100,Petrol,86,Metallic,Manual,1300,3,4,5,1,11130
Jan_2003,90075,Petrol,110,Metallic,Manual,1600,4,4,5,0,9805
Apr_2003,89631,Petrol,110,Metallic,Manual,1600,5,4,5,0,11607
Jul_2003,89622,Petrol,110,Non-Metallic,Manual,1600,5,4,5,0,11077
Jan_2003,89551,Petrol,110,Metallic,Manual,1600,5,4,5,0,9805
Jul_2003,88942,Petrol,110,Metallic,Manual,1600,5,4,5,1,9275
Feb_2003,88574,Petrol,86,Non-Metallic,Manual,1300,3,4,5,1,9275
Jan_2003,87980,Petrol,107,Metallic,Automatic,1600,5,4,5,1,10388
May_2003,87686,Petrol,86,Non-Metallic,Manual,1300,3,4,5,0,8745
Jul_2003,87366,Petrol,110,Metallic,Manual,1600,3,4,6,1,11077
Nov_2003,87189,Petrol,110,Non-Metallic,Manual,1600,5,4,5,0,10335
Aug_2003,87042,Petrol,110,Metallic,Manual,1600,3,4,5,0,9487
Apr_2003,86920,Petrol,86,Metallic,Manual,1300,3,4,5,0,7897
Jan_2003,86883,Petrol,86,Metallic,Manual,1300,5,4,5,0,8957
Mar_2003,86125,Petrol,110,Non-Metallic,Manual,1600,3,4,5,0,8745
Apr_2003,86064,Petrol,110,Metallic,Manual,1600,3,4,6,1,11607
Aug_2003,86040,Petrol,110,Metallic,Manual,1600,4,4,5,0,9487
Mar_2003,85948,Petrol,86,Non-Metallic,Manual,1300,3,4,5,1,9275
Aug_2003,85557,Petrol,110,Metallic,Manual,1600,5,4,5,0,11077
Dec_2003,85298,Petrol,110,Non-Metallic,Manual,1600,5,4,5,1,11607
Apr_2003,85265,Petrol,110,Metallic,Manual,1600,4,4,5,0,8957
Oct_2003,85256,Petrol,110,Metallic,Manual,1600,3,4,6,1,10547
Jan_2003,85252,Petrol,110,Metallic,Manual,1600,3,4,5,0,10547
Jul_2003,85081,Petrol,86,Non-Metallic,Manual,1300,3,4,5,0,9275
Apr_2003,84962,Petrol,110,Non-Metallic,Manual,1600,5,4,5,1,10547
Jan_2003,84928,Petrol,110,Non-Metallic,Manual,1600,5,4,5,1,10070
Apr_2003,84891,Petrol,110,Metallic,Manual,1600,4,4,5,0,8745
Jul_2003,84800,Petrol,110,Non-Metallic,Manual,1600,5,4,5,0,11607
Sept_2003,84800,Petrol,86,Non-Metallic,Manual,1300,5,4,5,0,8427
Apr_2003,84800,Petrol,86,Metallic,Manual,1300,2,4,5,0,8745
Feb_2003,84649,Petrol,110,Metallic,Manual,1600,4,4,5,0,10489
Feb_2003,84548,Petrol,86,Metallic,Manual,1300,3,4,5,0,9678
Oct_2003,84440,Petrol,86,Non-Metallic,Automatic,1300,5,4,5,1,11607
Sept_2003,83899,Petrol,110,Metallic,Manual,1600,5,4,5,0,11130
Aug_2003,83740,Petrol,110,Metallic,Manual,1600,3,4,5,0,9434
Dec_2003,83692,Petrol,86,Metallic,Manual,1300,5,4,5,1,10070
Oct_2003,83475,Diesel,90,Metallic,Manual,1975,5,4,5,0,11607
Jan_2003,83232,Petrol,86,Non-Metallic,Manual,1300,3,4,5,1,8427
May_2003,83057,Petrol,86,Metallic,Manual,1300,3,4,5,1,8427
Apr_2003,82761,Petrol,86,Metallic,Manual,1300,3,4,5,0,8427
Aug_2003,82747,Petrol,107,Metallic,Automatic,1600,5,4,5,1,10070
Feb_2003,82490,Petrol,110,Metallic,Manual,1600,5,4,5,0,11607
Jan_2003,82357,Petrol,110,Metallic,Manual,1600,4,4,5,0,10335
Apr_2003,82150,Petrol,110,Metallic,Manual,1600,3,4,5,1,10335
Jun_2003,82104,Petrol,110,Metallic,Manual,1600,3,4,5,0,10017
Jan_2003,81651,Petrol,86,Metallic,Manual,1300,3,4,5,0,9487
Jan_2003,81628,Petrol,86,Metallic,Manual,1300,3,4,5,0,9487
Mar_2003,81398,Petrol,110,Metallic,Manual,1600,5,4,5,1,9434
Aug_2003,81302,Petrol,86,Metallic,Manual,1300,5,4,5,1,10547
Feb_2003,81163,Petrol,86,Metallic,Manual,1300,3,4,5,0,9275
Oct_2003,80732,Petrol,110,Metallic,Manual,1600,5,4,5,0,9487
Apr_2003,80724,Petrol,110,Metallic,Manual,1600,4,4,5,0,9529
Aug_2003,80146,Petrol,86,Metallic,Manual,1300,3,4,5,0,9487
Jul_2003,80103,Diesel,72,Metallic,Manual,2000,3,4,5,0,9487
Feb_2003,79955,Petrol,110,Metallic,Manual,1600,3,4,6,1,10547
Jan_2003,79500,Petrol,110,Metallic,Manual,1600,5,4,5,0,10494
Apr_2003,79500,Petrol,86,Non-Metallic,Manual,1300,3,4,5,0,9487
Jul_2003,79500,Petrol,110,Metallic,Manual,1600,5,4,5,0,9487
Mar_2003,79461,Petrol,107,Non-Metallic,Automatic,1600,3,4,5,0,10070
Jan_2003,79382,Petrol,86,Metallic,Manual,1300,3,4,5,1,8427
Jan_2003,79368,Petrol,110,Non-Metallic,Manual,1600,5,4,5,0,8215
Jun_2003,79232,Petrol,110,Metallic,Manual,1600,5,4,5,0,9487
Sept_2003,79203,Petrol,110,Metallic,Manual,1600,5,4,5,1,12667
Jul_2003,78924,Petrol,110,Non-Metallic,Manual,1600,5,4,5,0,9487
Sept_2003,78797,Petrol,86,Non-Metallic,Manual,1300,5,4,5,1,12667
Jan_2003,78766,Petrol,110,Non-Metallic,Manual,1600,3,4,5,0,9487
May_2003,78645,Petrol,110,Non-Metallic,Manual,1600,3,4,5,0,10547
Apr_2003,78630,Petrol,110,Metallic,Manual,1600,3,4,5,0,8745
Feb_2003,78372,Petrol,86,Metallic,Manual,1300,5,4,5,1,9535
Aug_2003,78328,Petrol,110,Metallic,Manual,1600,3,4,6,1,10595
May_2003,77910,Petrol,110,Metallic,Manual,1600,3,4,5,0,9805
May_2003,77779,Petrol,110,Non-Metallic,Manual,1600,5,4,5,0,11607
May_2003,77698,Petrol,86,Metallic,Manual,1300,3,4,5,0,9434
Nov_2003,77562,Petrol,110,Metallic,Manual,1600,5,4,5,0,10070
Nov_2003,77304,Petrol,110,Metallic,Manual,1600,5,4,5,0,10547
Feb_2003,77253,Petrol,86,Metallic,Manual,1332,3,4,5,0,8427
Jun_2003,76873,Petrol,110,Metallic,Manual,1600,3,4,5,0,8745
May_2003,76320,Petrol,86,Metallic,Manual,1300,3,4,5,1,10017
Dec_2003,76320,Petrol,86,Non-Metallic,Manual,1300,3,4,5,0,8427
Oct_2003,75648,Petrol,110,Non-Metallic,Manual,1600,3,4,6,0,10070
Apr_2003,75596,Petrol,110,Non-Metallic,Manual,1600,3,4,5,1,9487
Jul_2003,75260,Petrol,110,Non-Metallic,Manual,1600,5,4,5,0,11607
Sept_2003,75211,Petrol,110,Non-Metallic,Manual,1600,3,4,5,1,9487
Jun_2003,75162,Petrol,86,Non-Metallic,Manual,1300,5,4,5,0,10017
Nov_2003,74794,Petrol,110,Metallic,Manual,1600,3,4,5,1,8480
Feb_2003,74785,Petrol,110,Non-Metallic,Manual,1600,5,4,5,0,10494
Jul_2003,74730,Petrol,110,Metallic,Manual,1600,5,4,5,0,9487
Sept_2003,74680,Diesel,72,Non-Metallic,Manual,2000,5,4,5,0,11554
Oct_2003,74431,Petrol,110,Metallic,Manual,1600,3,4,5,0,10017
May_2003,74323,Petrol,110,Metallic,Manual,1600,4,4,5,0,8957
Apr_2003,74272,Petrol,110,Metallic,Manual,1600,5,4,5,0,10070
Feb_2003,74200,Petrol,107,Metallic,Automatic,1587,3,4,5,0,11130
Jan_2003,74200,Petrol,86,Metallic,Manual,1300,3,4,5,0,7367
Jan_2003,73249,Petrol,110,Non-Metallic,Manual,1600,4,4,5,0,10335
Nov_2003,73163,Petrol,86,Metallic,Manual,1300,5,4,5,1,7367
Feb_2003,73140,Petrol,110,Metallic,Manual,1600,3,4,6,1,10229
Jan_2003,72997,Petrol,110,Metallic,Manual,1600,3,4,6,1,10547
Nov_2003,72846,Petrol,86,Non-Metallic,Manual,1300,3,4,5,1,9805
Jun_2003,72560,Petrol,110,Metallic,Manual,1600,5,4,5,1,9487
Jun_2003,72332,Petrol,86,Non-Metallic,Manual,1300,5,4,5,0,10494
Jun_2003,72242,Petrol,110,Metallic,Manual,1600,5,4,5,0,11655
Apr_2003,72080,Petrol,110,Non-Metallic,Manual,1600,5,4,5,0,11130
Apr_2003,72080,Petrol,86,Metallic,Manual,1300,3,4,5,1,9487
Feb_2003,71828,Petrol,110,Metallic,Manual,1600,3,4,6,1,10335
Jan_2003,71175,Petrol,110,Metallic,Manual,1600,5,4,5,0,11607
Feb_2003,71137,Petrol,86,Metallic,Manual,1300,5,4,5,0,10335
Oct_2003,71031,Petrol,110,Metallic,Manual,1600,3,4,6,0,10547
Apr_2003,71023,Petrol,110,Metallic,Manual,1600,4,4,5,0,11130
Jan_2003,70792,Petrol,86,Non-Metallic,Automatic,1300,3,4,5,1,11024
Jan_2003,70543,Petrol,86,Non-Metallic,Manual,1332,3,4,5,0,9328
Aug_2003,70235,Petrol,110,Metallic,Manual,1600,3,4,6,1,11130
Jul_2003,70047,Petrol,110,Non-Metallic,Manual,1600,5,4,5,1,9805
Apr_2003,69960,Petrol,86,Metallic,Manual,1300,3,4,5,1,8268
Aug_2003,69960,Petrol,110,Non-Metallic,Manual,1600,3,4,5,1,10547
Jun_2003,69850,Petrol,110,Metallic,Manual,1600,3,4,6,1,11395
Feb_2003,69732,Petrol,110,Metallic,Manual,1600,5,4,5,0,11607
Apr_2003,69444,Petrol,110,Metallic,Automatic,1600,4,4,5,0,10547
Oct_2003,69391,Petrol,110,Metallic,Manual,1600,5,4,5,0,10547
Jan_2003,69324,Petrol,86,Metallic,Manual,1300,4,4,5,0,8586
Sept_2003,69175,Petrol,110,Metallic,Manual,1600,3,4,5,1,9805
May_2003,68900,Petrol,110,Metallic,Manual,1600,3,4,5,1,8268
Jan_2003,68900,Petrol,110,Non-Metallic,Manual,1600,5,4,5,0,9540
Dec_2003,68900,Petrol,110,Non-Metallic,Manual,1600,4,4,5,0,9487
Jul_2003,68864,Petrol,86,Non-Metallic,Manual,1300,3,4,5,0,9487
Jan_2003,68847,Petrol,110,Metallic,Manual,1600,5,4,5,0,10547
Sept_2003,68809,Petrol,110,Metallic,Manual,1600,5,4,5,1,9010
Jul_2003,68685,Petrol,110,Metallic,Manual,1600,5,4,5,0,8475
Apr_2003,68658,Petrol,110,Metallic,Manual,1600,3,4,5,0,9275
Jun_2003,68571,Petrol,86,Non-Metallic,Manual,1300,3,4,5,0,10335
Apr_2003,68508,Petrol,110,Non-Metallic,Manual,1600,5,4,5,0,11607
Feb_2003,68490,Petrol,110,Metallic,Manual,1600,5,4,5,1,10335
Sept_2003,68246,Petrol,86,Non-Metallic,Manual,1300,3,4,5,0,8692
Jan_2003,67840,Petrol,110,Non-Metallic,Manual,1600,5,4,5,0,9487
Mar_2003,67714,Petrol,86,Non-Metallic,Manual,1300,3,4,5,1,10070
Nov_2003,67702,Diesel,72,Non-Metallic,Manual,2000,5,4,5,0,11607
Mar_2003,67128,Petrol,86,Non-Metallic,Automatic,1300,5,4,5,0,10335
Apr_2003,66780,Petrol,86,Metallic,Automatic,1300,5,4,5,0,10547
Aug_2003,66780,Petrol,86,Non-Metallic,Automatic,1300,3,4,5,0,11077
Apr_2003,66140,Petrol,110,Non-Metallic,Manual,1600,3,4,5,1,10441
Jul_2003,66120,Petrol,110,Metallic,Manual,1600,5,4,5,0,10017
Feb_2003,66055,Petrol,110,Metallic,Manual,1600,3,4,5,0,10913
Jan_2003,66030,Petrol,110,Metallic,Manual,1600,3,4,6,0,10335
Apr_2003,65958,Petrol,110,Metallic,Manual,1600,3,4,5,0,9487
Jan_2003,65955,Petrol,110,Non-Metallic,Manual,1600,5,4,5,0,10494
Mar_2003,65863,Petrol,86,Metallic,Manual,1300,5,4,5,0,9275
Nov_2003,65745,Petrol,110,Metallic,Manual,1600,5,4,5,0,10547
Sept_2003,65696,Petrol,86,Metallic,Manual,1300,3,4,5,1,9010
Jul_2003,65646,Petrol,110,Metallic,Manual,1600,4,4,5,0,10547
Dec_2003,65383,Petrol,110,Non-Metallic,Manual,1600,3,4,5,0,11607
Jan_2003,65262,Petrol,110,Metallic,Manual,1600,4,4,5,0,10383
Jan_2003,65194,Petrol,110,Metallic,Manual,1600,4,4,5,0,9275
Apr_2003,65067,Petrol,110,Metallic,Manual,1600,3,4,5,0,8745
Nov_2003,65024,Petrol,110,Metallic,Manual,1600,5,4,5,0,10547
Jul_2003,64929,Petrol,110,Non-Metallic,Manual,1600,5,4,5,0,10547
Oct_2003,64836,Petrol,110,Metallic,Manual,1600,3,4,5,0,11130
Jul_2003,64818,Petrol,86,Metallic,Manual,1300,5,4,5,0,10335
Aug_2003,64813,Petrol,110,Metallic,Manual,1600,5,4,5,0,11925
Oct_2003,64795,Petrol,110,Metallic,Manual,1600,3,4,5,1,9434
Sept_2003,64766,Petrol,86,Metallic,Manual,1300,3,4,5,1,8427
Jan_2003,64766,Petrol,110,Metallic,Manual,1600,5,4,5,0,12190
Dec_2003,64660,Petrol,110,Metallic,Manual,1600,3,4,5,1,10017
Apr_2003,64367,Petrol,86,Metallic,Manual,1300,3,4,5,0,8475
Oct_2003,64350,Petrol,86,Metallic,Manual,1300,5,4,5,1,11655
Aug_2003,64164,Petrol,110,Metallic,Manual,1600,3,4,5,1,9487
Feb_2003,63600,Petrol,86,Non-Metallic,Automatic,1300,4,4,5,0,8745
Mar_2003,63600,Petrol,86,Metallic,Manual,1300,3,4,5,1,9487
Apr_2003,63600,Petrol,86,Metallic,Manual,1300,3,4,5,1,9487
Jul_2003,62853,Petrol,86,Non-Metallic,Manual,1300,5,4,5,1,10070
Apr_2003,62820,Petrol,86,Non-Metallic,Manual,1300,3,4,5,1,7950
Jun_2003,62540,Petrol,110,Non-Metallic,Manual,1600,3,4,5,1,9487
Jun_2003,62540,Petrol,86,Metallic,Manual,1300,5,4,5,0,10547
Apr_2003,62540,Petrol,110,Non-Metallic,Manual,1600,5,4,5,0,10335
Aug_2003,62540,Petrol,110,Metallic,Manual,1600,5,4,5,1,10017
Apr_2003,62540,Petrol,110,Non-Metallic,Manual,1600,3,4,5,0,10547
Jan_2003,62392,Petrol,110,Metallic,Manual,1600,3,4,5,0,10335
Apr_2003,62359,Petrol,110,Non-Metallic,Manual,1600,3,4,5,0,9487
Mar_2003,62173,Petrol,110,Metallic,Manual,1600,5,4,5,0,8745
Apr_2003,61798,Petrol,86,Metallic,Manual,1300,3,4,5,1,8215
Sept_2003,61765,Petrol,110,Metallic,Manual,1600,3,4,5,1,9487
May_2003,61624,Petrol,110,Metallic,Manual,1600,5,4,5,0,10547
Mar_2003,61600,Petrol,107,Metallic,Automatic,1600,3,4,5,0,10017
Feb_2003,61541,Petrol,110,Metallic,Manual,1600,3,4,6,1,13727
Nov_2003,61480,Petrol,110,Metallic,Manual,1600,3,4,5,1,10547
Jul_2003,61480,Petrol,110,Metallic,Manual,1600,3,4,6,1,11125
Jan_2003,61019,Petrol,86,Metallic,Manual,1300,5,4,5,1,8427
Jun_2003,60858,Petrol,107,Non-Metallic,Automatic,1600,5,4,5,1,11130
Apr_2003,60816,Petrol,110,Metallic,Manual,1600,5,4,5,0,9487
Jul_2003,60610,Petrol,110,Metallic,Manual,1600,5,4,5,0,10494
Aug_2003,60599,Petrol,110,Metallic,Manual,1600,3,4,6,1,10595
Jun_2003,60551,Petrol,110,Metallic,Manual,1600,3,4,6,1,10547
Jun_2003,60420,Petrol,110,Metallic,Manual,1600,3,4,5,1,10547
Feb_2003,60420,Petrol,110,Non-Metallic,Manual,1600,3,4,5,1,8745
Jun_2003,60420,Petrol,86,Metallic,Manual,1300,5,4,5,0,10547
Oct_2003,59635,Petrol,86,Non-Metallic,Manual,1300,3,4,5,0,9487
Jul_2003,59582,Petrol,107,Metallic,Automatic,1600,3,4,5,1,11607
Feb_2003,59438,Petrol,86,Non-Metallic,Manual,1300,4,4,5,0,9805
Jun_2003,59299,Petrol,110,Metallic,Manual,1600,5,4,5,1,10547
Dec_2003,59195,Petrol,86,Metallic,Manual,1300,5,4,5,0,10595
Aug_2003,59092,Petrol,86,Non-Metallic,Manual,1300,3,4,5,0,9275
Nov_2003,58807,Petrol,86,Non-Metallic,Manual,1300,5,4,5,0,11607
Sept_2003,58390,Petrol,107,Non-Metallic,Automatic,1600,5,4,5,0,10971
Apr_2003,58365,Petrol,110,Metallic,Manual,1600,5,4,5,1,10547
Apr_2003,58300,Petrol,86,Metallic,Manual,1300,3,4,5,0,9487
Dec_2003,58300,Petrol,110,Non-Metallic,Manual,1600,5,4,5,0,11607
Jun_2003,58232,Petrol,110,Metallic,Manual,1600,5,4,5,0,11607
Jan_2003,58168,Petrol,110,Metallic,Manual,1600,5,4,5,1,9487
Feb_2003,58138,Petrol,110,Non-Metallic,Manual,1600,3,4,5,0,9434
Sept_2003,57827,Petrol,110,Metallic,Manual,1600,3,4,6,1,10865
Aug_2003,57372,Petrol,110,Metallic,Manual,1600,5,4,5,0,10017
Aug_2003,57240,Petrol,110,Metallic,Manual,1600,3,4,5,0,9805
Dec_2003,57240,Petrol,110,Metallic,Manual,1600,5,4,5,0,11130
Nov_2003,57240,Petrol,86,Non-Metallic,Manual,1300,5,4,5,1,7791
Dec_2003,57240,Petrol,110,Metallic,Manual,1600,3,4,5,0,10865
Jul_2003,56482,Petrol,110,Metallic,Manual,1600,5,4,5,0,10865
Apr_2003,56236,Petrol,110,Metallic,Manual,1600,5,4,5,0,12190
Jan_2003,56180,Petrol,110,Metallic,Automatic,1587,3,4,5,0,9487
Jan_2003,56180,Petrol,86,Non-Metallic,Manual,1300,3,4,5,0,8215
May_2003,56146,Petrol,110,Metallic,Manual,1600,3,4,5,1,10070
Feb_2003,55968,Petrol,86,Metallic,Manual,1300,3,4,5,1,8957
Dec_2003,55701,Petrol,110,Non-Metallic,Manual,1600,3,4,5,1,9487
Sept_2003,55636,Petrol,110,Metallic,Manual,1600,4,4,5,0,8904
Mar_2003,55526,Petrol,86,Non-Metallic,Manual,1300,3,4,5,1,9805
Aug_2003,55239,Petrol,110,Metallic,Manual,1600,4,4,5,0,9434
Nov_2003,54815,Petrol,110,Non-Metallic,Manual,1600,3,4,5,1,9275
Nov_2003,54506,Petrol,110,Non-Metallic,Automatic,1600,5,4,3,0,11607
Aug_2003,54309,Petrol,86,Metallic,Manual,1300,4,4,5,0,9487
Apr_2003,54060,Petrol,86,Metallic,Manual,1300,3,4,5,0,9487
Aug_2003,53980,Petrol,110,Metallic,Manual,1600,5,4,5,0,9429
Mar_2003,53854,Petrol,86,Non-Metallic,Manual,1300,3,4,5,0,9953
Oct_2003,53497,Petrol,110,Metallic,Manual,1600,5,4,5,1,9275
Aug_2003,53183,Petrol,110,Metallic,Manual,1600,5,4,5,0,10335
Jul_2003,53000,Petrol,110,Metallic,Manual,1600,5,4,5,0,10547
Apr_2003,52939,Petrol,110,Non-Metallic,Manual,1600,3,4,6,0,11607
Feb_2003,52560,Petrol,110,Non-Metallic,Manual,1600,5,4,5,0,10494
Jul_2003,52213,Petrol,110,Metallic,Manual,1600,4,4,5,0,10070
Aug_2003,51940,Petrol,110,Non-Metallic,Manual,1600,3,4,5,0,10547
Jun_2003,51662,Petrol,110,Non-Metallic,Manual,1600,5,4,5,0,10547
Jul_2003,50615,Petrol,86,Metallic,Manual,1300,5,4,5,0,11130
Jun_2003,50469,Petrol,86,Non-Metallic,Manual,1300,3,4,5,1,10547
Jan_2003,50350,Petrol,86,Metallic,Manual,1300,5,4,5,0,11125
Mar_2003,50071,Petrol,110,Non-Metallic,Manual,1600,3,4,5,0,10070
Nov_2003,50001,Petrol,86,Metallic,Manual,1300,3,4,5,0,9010
Sept_2003,49884,Petrol,110,Non-Metallic,Manual,1600,4,4,5,0,11077
Apr_2003,49835,Petrol,86,Metallic,Manual,1300,3,4,5,0,9487
Oct_2003,49745,Petrol,86,Metallic,Manual,1300,3,4,5,1,10494
Jun_2003,48760,Petrol,86,Non-Metallic,Manual,1300,5,4,5,1,9434
Apr_2003,48422,Petrol,110,Non-Metallic,Manual,1600,3,4,5,1,9270
Apr_2003,48282,Petrol,86,Metallic,Manual,1300,3,4,5,0,9275
Dec_2003,47700,Petrol,110,Metallic,Manual,1600,5,4,5,0,11395
Dec_2003,47700,Petrol,110,Metallic,Manual,1600,3,4,5,0,10335
Apr_2003,47700,Petrol,110,Non-Metallic,Manual,1600,5,4,5,0,9381
Mar_2003,47700,Petrol,86,Metallic,Manual,1300,5,4,5,1,8427
Jun_2003,47700,Petrol,110,Metallic,Manual,1600,4,4,5,0,10017
Aug_2003,47700,Petrol,107,Non-Metallic,Automatic,1600,3,4,5,0,10547
Jun_2003,47641,Petrol,110,Metallic,Manual,1600,4,4,5,0,8745
Aug_2003,47273,Petrol,86,Non-Metallic,Manual,1300,3,4,5,0,10547
Jan_2003,47125,Petrol,86,Non-Metallic,Manual,1300,3,4,5,0,10595
Oct_2003,46447,Petrol,110,Non-Metallic,Manual,1600,5,4,5,0,10547
Sept_2003,46032,Petrol,110,Metallic,Manual,1600,5,4,5,0,11125
Nov_2003,45580,CNG,110,Metallic,Automatic,1600,4,4,3,0,8427
Jan_2003,45580,Petrol,110,Metallic,Manual,1600,5,4,5,0,9487
Dec_2003,45580,Petrol,110,Non-Metallic,Manual,1600,5,4,5,0,10277
May_2003,45580,Petrol,86,Non-Metallic,Manual,1300,3,4,5,0,8215
Jan_2003,45315,Petrol,110,Metallic,Manual,1600,3,4,5,0,10547
Feb_2003,44628,Petrol,110,Metallic,Manual,1600,5,4,5,0,10547
Jun_2003,44081,Petrol,110,Metallic,Manual,1600,5,4,5,0,10547
May_2003,43672,Petrol,110,Non-Metallic,Manual,1600,5,4,5,0,10494
Dec_2003,42627,Petrol,86,Non-Metallic,Manual,1300,3,4,5,1,11607
Sept_2003,42400,Petrol,86,Metallic,Manual,1300,4,4,5,0,9487
Mar_2003,41575,Petrol,86,Metallic,Automatic,1300,3,4,5,1,9487
Mar_2003,41493,Petrol,110,Metallic,Manual,1600,3,4,5,0,8745
Jul_2003,41340,Petrol,110,Metallic,Manual,1600,5,4,5,0,10865
Aug_2003,40300,Petrol,110,Metallic,Manual,1600,5,4,5,1,9275
Jan_2003,40025,Petrol,110,Metallic,Manual,1600,5,4,5,1,10335
Aug_2003,39750,Petrol,110,Non-Metallic,Manual,1600,5,4,5,0,11607
Sept_2003,39338,Petrol,110,Metallic,Manual,1600,3,4,5,1,11607
Jul_2003,39220,Petrol,86,Non-Metallic,Manual,1300,3,4,5,0,10335
Oct_2003,39171,Petrol,110,Metallic,Manual,1600,3,4,5,1,9434
Sept_2003,39160,Petrol,110,Non-Metallic,Manual,1600,5,4,5,1,10070
Jun_2003,39138,Petrol,86,Non-Metallic,Manual,1300,5,4,5,1,10547
Mar_2003,38857,Petrol,110,Non-Metallic,Manual,1600,3,4,5,1,10547
Apr_2003,38160,Petrol,86,Metallic,Manual,1300,3,4,5,0,8745
Apr_2003,38160,Petrol,110,Metallic,Manual,1600,3,4,6,1,11077
Jul_2003,37643,Petrol,110,Metallic,Manual,1600,3,4,6,1,11607
Apr_2003,37400,Petrol,86,Metallic,Manual,1300,3,4,5,0,9805
Jan_2003,37100,Petrol,110,Metallic,Manual,1600,3,4,5,1,9434
Dec_2003,37100,Petrol,86,Metallic,Manual,1300,5,4,5,1,11554
May_2003,36161,Petrol,110,Non-Metallic,Manual,1600,3,4,5,1,10335
Nov_2003,36040,Petrol,110,Non-Metallic,Manual,1600,5,4,5,0,12667
Jan_2003,35878,Petrol,86,Metallic,Manual,1300,4,4,5,0,8374
Dec_2003,35547,Petrol,110,Non-Metallic,Manual,1600,4,4,5,0,11554
Apr_2003,34980,Petrol,110,Non-Metallic,Manual,1600,3,4,5,0,11077
Oct_2003,34079,Petrol,110,Metallic,Manual,1600,5,4,5,1,11607
Apr_2003,33483,Petrol,86,Metallic,Manual,1300,3,4,5,0,10547
Sept_2003,33369,Petrol,110,Metallic,Manual,1600,3,4,6,0,11395
Dec_2003,33185,Petrol,110,Metallic,Manual,1600,5,4,5,1,10494
Jan_2003,32860,Petrol,110,Metallic,Manual,1600,4,4,5,0,11395
Nov_2003,32472,Petrol,110,Metallic,Manual,1600,5,4,5,0,11077
Jan_2003,32118,Petrol,86,Metallic,Manual,1300,4,4,5,0,10017
Sept_2003,30210,Petrol,86,Metallic,Automatic,1300,3,4,5,0,11395
Sept_2003,30210,Petrol,110,Non-Metallic,Manual,1600,5,4,5,0,11607
Dec_2003,29680,Petrol,86,Non-Metallic,Manual,1300,3,4,5,1,10600
Jan_2003,28300,Petrol,110,Non-Metallic,Manual,1600,3,4,5,0,11130
Jul_2003,27560,Petrol,107,Non-Metallic,Automatic,1600,3,4,5,0,13250
Jul_2003,27035,Petrol,86,Metallic,Manual,1300,5,4,5,1,9487
Nov_2003,26500,Petrol,110,Metallic,Manual,1600,5,4,5,0,11130
Mar_2003,24205,Petrol,110,Metallic,Manual,1600,3,4,5,0,9800
Oct_2003,24067,Petrol,110,Metallic,Manual,1600,5,4,5,0,11607
Jun_2003,23509,Petrol,86,Metallic,Manual,1300,3,4,5,0,10070
Jul_2003,18386,Petrol,110,Metallic,Manual,1600,3,4,5,0,11554
Feb_2003,16467,Petrol,86,Metallic,Automatic,1300,4,4,5,0,11607
Mar_2003,16017,Petrol,86,Non-Metallic,Manual,1300,5,4,5,1,10017
Aug_2002,246916,Diesel,72,Non-Metallic,Manual,2000,5,4,5,0,6254
Feb_2002,231205,Diesel,72,Non-Metallic,Manual,2000,5,4,5,0,7367
Mar_2002,230830,Diesel,72,Metallic,Manual,2000,5,4,5,0,6360
Feb_2002,219541,CNG,110,Metallic,Manual,1600,5,4,5,0,5565
Jul_2002,215449,Diesel,72,Metallic,Manual,2000,3,4,5,0,4664
Apr_2002,212776,Diesel,72,Metallic,Manual,2000,4,4,5,0,7155
Dec_2002,209351,Diesel,72,Non-Metallic,Manual,2000,5,4,5,1,9010
Jan_2002,206451,Diesel,72,Non-Metallic,Manual,2000,3,4,5,0,6519
May_2002,203117,Diesel,72,Non-Metallic,Manual,2000,5,4,5,1,7367
May_2002,194274,Diesel,72,Non-Metallic,Manual,2000,3,4,5,0,6095
Mar_2002,191201,Diesel,72,Metallic,Manual,2000,4,4,5,0,9275
Nov_2002,189528,Diesel,72,Non-Metallic,Manual,2000,3,4,5,1,6890
Aug_2002,186748,Petrol,110,Metallic,Manual,1600,5,4,5,0,6307
Mar_2002,186560,Petrol,86,Non-Metallic,Manual,1300,5,4,5,0,6890
Apr_2002,183359,Diesel,72,Metallic,Manual,2000,5,4,5,0,11130
Apr_2002,180200,Diesel,72,Non-Metallic,Manual,2000,4,4,5,0,9010
Oct_2002,173840,Petrol,110,Metallic,Manual,1600,3,4,5,0,8427
Mar_2002,171482,Petrol,86,Metallic,Manual,1300,3,4,5,1,6148
Jan_2002,169600,Petrol,86,Non-Metallic,Manual,1300,3,4,5,1,7155
Mar_2002,169566,Diesel,72,Non-Metallic,Manual,2000,3,4,5,1,7367
Jul_2002,169502,Petrol,110,Non-Metallic,Manual,1600,3,4,5,1,6084
Aug_2002,168002,Petrol,86,Non-Metallic,Manual,1300,3,4,5,1,6943
Dec_2002,165576,Diesel,72,Metallic,Manual,2000,3,4,5,1,9487
Aug_2002,165539,Petrol,86,Metallic,Manual,1300,5,4,5,1,7155
Mar_2002,164523,Petrol,110,Non-Metallic,Manual,1600,3,4,5,0,8427
Dec_2002,164300,Diesel,72,Non-Metallic,Manual,2000,3,4,5,1,8427
May_2002,164194,Diesel,72,Metallic,Manual,2000,5,4,5,0,7897
Nov_2002,160378,Diesel,72,Metallic,Manual,2000,5,4,5,1,8215
Oct_2002,160060,CNG,110,Metallic,Manual,1600,5,4,5,0,6837
Jun_2002,159000,Diesel,72,Metallic,Manual,2000,3,4,5,0,8374
Dec_2002,155082,Diesel,72,Metallic,Manual,2000,3,4,5,1,7314
Jun_2002,154969,Petrol,86,Non-Metallic,Manual,1300,3,4,5,1,5936
Apr_2002,154756,Petrol,110,Non-Metallic,Manual,1600,4,4,5,0,6307
Jan_2002,152174,Petrol,86,Metallic,Automatic,1300,3,4,5,0,7367
Oct_2002,147494,Diesel,73,Non-Metallic,Manual,2000,2,4,5,0,8427
Feb_2002,146810,Petrol,86,Non-Metallic,Manual,1300,5,4,5,0,9487
Jul_2002,146005,Diesel,90,Metallic,Manual,2000,5,4,5,0,8427
Jan_2002,145409,Diesel,90,Metallic,Manual,2000,5,4,5,0,10070
May_2002,142982,Diesel,72,Metallic,Manual,2000,3,4,5,0,9116
Oct_2002,142740,Diesel,72,Non-Metallic,Manual,2000,5,4,5,0,6307
Aug_2002,142611,Petrol,110,Non-Metallic,Manual,1600,5,4,5,0,8215
Feb_2002,139390,Diesel,72,Non-Metallic,Manual,2000,5,4,5,0,8427
Apr_2002,139185,Petrol,110,Metallic,Manual,1600,3,4,5,1,7367
Jul_2002,137826,Petrol,110,Metallic,Manual,1600,3,4,5,1,7685
Mar_2002,137800,Petrol,86,Non-Metallic,Manual,1300,5,4,5,0,6890
Apr_2002,136698,Petrol,110,Metallic,Manual,1600,5,4,5,1,7685
Jan_2002,136052,Petrol,110,Metallic,Manual,1600,5,4,5,0,9805
Aug_2002,135686,Petrol,110,Metallic,Manual,1600,3,4,5,0,8745
Oct_2002,134789,Diesel,72,Metallic,Manual,2000,3,4,5,0,7685
Sept_2002,134067,Petrol,110,Metallic,Manual,1600,4,4,5,0,5565
Apr_2002,133560,Petrol,110,Metallic,Manual,1600,5,4,5,0,8374
May_2002,133325,Petrol,110,Non-Metallic,Manual,1600,3,4,5,1,7314
Jun_2002,132924,Petrol,110,Non-Metallic,Manual,1600,3,4,5,0,8374
Jul_2002,132405,Diesel,72,Non-Metallic,Manual,2000,5,4,5,1,7685
Nov_2002,132228,Petrol,110,Metallic,Manual,1600,3,4,5,0,8957
May_2002,132066,Petrol,110,Metallic,Manual,1600,5,4,5,0,8427
Jul_2002,131500,Petrol,110,Metallic,Manual,1600,3,4,5,1,8427
Sept_2002,130807,Petrol,110,Metallic,Manual,1600,3,4,5,0,6837
Jun_2002,130490,Petrol,110,Metallic,Manual,1600,5,4,5,1,7049
Jul_2002,130462,Petrol,86,Metallic,Manual,1300,3,4,5,1,8427
Jan_2002,130189,Petrol,86,Non-Metallic,Manual,1300,5,4,5,0,7685
Apr_2002,129627,Petrol,110,Non-Metallic,Manual,1600,3,4,5,1,7897
Jul_2002,129214,Petrol,110,Metallic,Manual,1600,4,4,5,0,8427
Apr_2002,128838,Petrol,110,Metallic,Manual,1600,5,4,5,0,7685
Oct_2002,127702,Diesel,72,Metallic,Manual,2000,3,4,5,1,8745
May_2002,127479,Diesel,72,Metallic,Manual,2000,5,4,5,0,9487
Jul_2002,127408,Petrol,110,Metallic,Manual,1600,3,4,5,1,8215
Oct_2002,127200,Petrol,110,Non-Metallic,Manual,1600,5,4,5,1,9010
Mar_2002,127200,Petrol,110,Non-Metallic,Manual,1600,5,4,5,0,8215
Aug_2002,122830,Petrol,110,Non-Metallic,Manual,1600,4,4,5,0,6095
May_2002,122266,Petrol,110,Metallic,Manual,1600,5,4,5,0,7314
Oct_2002,122066,Petrol,110,Metallic,Manual,1600,3,4,5,0,6890
Mar_2002,121900,Petrol,107,Metallic,Automatic,1600,5,4,5,1,6890
Apr_2002,121113,Petrol,86,Metallic,Manual,1300,5,4,5,1,8056
Aug_2002,119741,Diesel,72,Metallic,Manual,2000,5,4,5,0,9487
Jul_2002,119045,Petrol,110,Metallic,Manual,1600,5,4,5,0,7897
Sept_2002,118720,Petrol,86,Metallic,Manual,1300,3,4,5,0,7791
Aug_2002,118298,Petrol,86,Metallic,Manual,1300,3,4,5,1,8215
Jan_2002,118076,CNG,110,Non-Metallic,Manual,1598,3,4,5,0,7908
May_2002,117555,Petrol,110,Metallic,Manual,1600,5,4,5,0,9805
Jan_2002,117540,Petrol,110,Metallic,Manual,1600,3,4,5,0,7685
Sept_2002,117272,Petrol,86,Metallic,Manual,1300,3,4,5,1,6890
Jan_2002,116600,Petrol,110,Metallic,Manual,1600,4,4,5,0,7208
Jun_2002,116112,Petrol,110,Non-Metallic,Manual,1600,5,4,5,1,9222
Mar_2002,115819,Petrol,110,Non-Metallic,Manual,1600,5,4,5,0,7950
Oct_2002,113967,Petrol,110,Metallic,Manual,1600,3,4,5,1,8215
Aug_2002,113534,Petrol,110,Metallic,Manual,1600,3,4,5,1,8427
Jun_2002,113420,Petrol,110,Metallic,Manual,1600,3,4,5,1,10547
Jul_2002,112625,Petrol,110,Non-Metallic,Manual,1600,5,4,5,0,7038
Oct_2002,112519,Petrol,86,Non-Metallic,Manual,1300,3,4,5,0,9275
Sept_2002,112474,Petrol,110,Metallic,Manual,1600,3,4,5,0,8215
Sept_2002,112207,Petrol,86,Non-Metallic,Manual,1300,3,4,5,1,6307
Apr_2002,111461,Petrol,86,Non-Metallic,Manual,1300,3,4,5,1,7155
Jan_2002,111443,Petrol,110,Metallic,Manual,1600,3,4,5,1,6890
May_2002,110605,Petrol,110,Metallic,Manual,1600,3,4,5,0,9275
Jul_2002,110399,Petrol,110,Metallic,Manual,1600,3,4,5,1,8427
Jul_2002,110240,Petrol,86,Metallic,Manual,1300,3,4,5,0,7155
Aug_2002,109308,Petrol,86,Metallic,Manual,1300,5,4,5,0,8427
Jan_2002,108438,Petrol,86,Metallic,Manual,1300,3,4,5,0,8427
Jun_2002,108125,Petrol,107,Metallic,Automatic,1600,5,4,5,0,9487
Apr_2002,108120,Petrol,86,Metallic,Manual,1300,3,4,5,0,8215
Jun_2002,107966,Petrol,110,Metallic,Manual,1600,5,4,5,0,6837
Jul_2002,107879,Petrol,110,Non-Metallic,Manual,1600,3,4,5,1,7314
Jun_2002,107229,Petrol,110,Metallic,Manual,1600,5,4,5,1,8957
Jul_2002,107060,Petrol,86,Non-Metallic,Manual,1300,3,4,5,0,7155
Jul_2002,106776,Petrol,86,Metallic,Automatic,1300,4,4,5,0,8533
Feb_2002,106762,Petrol,110,Non-Metallic,Manual,1600,5,4,5,0,10070
Mar_2002,106516,Petrol,110,Non-Metallic,Manual,1600,4,4,5,0,8215
Jan_2002,106485,Petrol,110,Non-Metallic,Manual,1600,5,4,5,0,9010
Jun_2002,106204,Petrol,110,Metallic,Manual,1600,3,4,5,0,8263
Jan_2002,106130,Petrol,110,Metallic,Manual,1600,3,4,5,0,6879
Aug_2002,105969,Petrol,110,Metallic,Manual,1600,3,4,5,1,8427
Feb_2002,105361,Petrol,86,Non-Metallic,Manual,1300,5,4,5,1,6810
Dec_2002,105336,Petrol,86,Metallic,Manual,1300,5,4,5,0,9487
Sept_2002,105200,Petrol,110,Metallic,Manual,1600,5,4,5,0,7367
Feb_2002,104667,Petrol,110,Non-Metallic,Manual,1600,5,4,5,0,9275
Oct_2002,104043,Petrol,110,Metallic,Manual,1600,3,4,5,0,8957
Apr_2002,103880,Petrol,110,Metallic,Manual,1600,5,4,5,0,8427
Jan_2002,103401,Petrol,86,Non-Metallic,Manual,1300,5,4,5,0,8427
Mar_2002,103386,Petrol,110,Metallic,Manual,1600,5,4,5,0,9434
Aug_2002,103344,Petrol,110,Metallic,Manual,1600,5,4,5,1,9487
Aug_2002,102910,Petrol,110,Metallic,Manual,1600,5,4,5,0,9434
Dec_2002,102820,Petrol,110,Non-Metallic,Manual,1600,4,4,5,0,8427
Jul_2002,102080,Petrol,86,Metallic,Manual,1300,3,4,5,1,6885
Mar_2002,101760,Petrol,86,Metallic,Manual,1300,3,4,5,0,7685
Jul_2002,101760,Petrol,110,Metallic,Manual,1600,5,4,5,1,9805
Mar_2002,101664,Petrol,110,Metallic,Manual,1600,5,4,5,1,7049
Feb_2002,101442,Petrol,110,Non-Metallic,Manual,1600,5,4,5,0,7409
Mar_2002,101390,Petrol,110,Metallic,Manual,1600,5,4,5,0,8215
Feb_2002,100700,Petrol,86,Metallic,Manual,1300,5,4,5,1,7367
Jan_2002,100114,Petrol,110,Non-Metallic,Manual,1600,3,4,5,1,7685
Jan_2002,99724,Petrol,110,Metallic,Manual,1600,5,4,5,0,10547
Jan_2002,99471,Petrol,110,Non-Metallic,Manual,1600,5,4,5,0,9805
Feb_2002,98675,Petrol,86,Metallic,Manual,1300,5,4,5,1,7632
Sept_2002,98650,Petrol,110,Metallic,Manual,1600,5,4,5,0,8745
Feb_2002,98621,Petrol,110,Metallic,Manual,1600,3,4,5,0,9487
Apr_2002,98580,Petrol,110,Metallic,Manual,1600,5,4,5,0,8745
Jan_2002,98400,Petrol,86,Metallic,Manual,1300,3,4,5,0,6625
Jan_2002,97790,Petrol,107,Non-Metallic,Automatic,1600,5,4,5,0,10494
Jan_2002,97622,Petrol,86,Metallic,Manual,1300,5,4,5,0,7738
Sept_2002,97436,Petrol,86,Metallic,Manual,1300,3,4,5,0,9487
Nov_2002,97414,Petrol,86,Metallic,Manual,1300,3,4,5,1,6890
Mar_2002,96883,Petrol,110,Metallic,Manual,1600,5,4,5,1,8427
Jun_2002,96547,Petrol,110,Metallic,Manual,1600,3,4,5,0,7897
Oct_2002,95792,Petrol,86,Metallic,Manual,1300,5,4,5,1,8427
Mar_2002,95766,Petrol,86,Metallic,Manual,1300,5,4,5,0,9010
Apr_2002,95723,Petrol,86,Metallic,Manual,1300,3,4,5,1,7367
Mar_2002,95412,Petrol,86,Non-Metallic,Automatic,1300,3,4,5,1,8427
Apr_2002,95400,Petrol,86,Metallic,Manual,1300,3,4,5,0,7155
Nov_2002,95382,Petrol,110,Non-Metallic,Manual,1600,3,4,5,0,8957
Mar_2002,95350,Petrol,110,Non-Metallic,Manual,1600,5,4,5,0,7950
Jul_2002,95188,Diesel,72,Metallic,Manual,2000,3,4,5,0,9275
Feb_2002,95123,Petrol,86,Metallic,Manual,1300,5,4,5,0,9275
May_2002,94891,Petrol,110,Metallic,Manual,1600,3,4,5,0,9487
Jun_2002,94877,Petrol,86,Non-Metallic,Manual,1300,3,4,5,1,7897
Dec_2002,94442,Petrol,110,Metallic,Manual,1600,5,4,5,1,9752
Jul_2002,94022,Petrol,110,Metallic,Manual,1600,3,4,5,1,9487
Sept_2002,93810,Petrol,110,Metallic,Manual,1600,5,4,5,0,8321
Aug_2002,93477,Diesel,72,Metallic,Manual,2000,3,4,5,0,7367
Jun_2002,93280,Petrol,110,Metallic,Manual,1600,3,4,5,1,7632
Mar_2002,93008,Petrol,110,Non-Metallic,Manual,1600,3,4,5,0,7897
Jun_2002,92870,Petrol,86,Non-Metallic,Manual,1300,3,4,5,1,7155
Aug_2002,92599,Petrol,110,Metallic,Manual,1600,3,4,5,1,7950
Sept_2002,92308,Petrol,110,Non-Metallic,Manual,1600,4,4,5,0,7897
Nov_2002,92220,Petrol,110,Metallic,Manual,1600,4,4,5,0,8427
Mar_2002,92220,Petrol,110,Metallic,Manual,1600,4,4,5,0,7685
Aug_2002,92220,Petrol,86,Metallic,Manual,1300,3,4,5,0,8427
Jan_2002,92220,Petrol,86,Metallic,Manual,1300,3,4,5,0,8745
Sept_2002,92072,Petrol,110,Non-Metallic,Manual,1600,5,4,5,0,8745
Jan_2002,91276,Petrol,110,Metallic,Manual,1600,3,4,5,0,7155
Feb_2002,91160,Petrol,86,Metallic,Manual,1300,5,4,5,0,9275
Jan_2002,91160,Petrol,110,Non-Metallic,Manual,1600,3,4,5,0,9487
Nov_2002,91016,Diesel,72,Metallic,Manual,2000,5,4,5,1,9010
Jan_2002,90699,Petrol,110,Non-Metallic,Manual,1600,5,4,5,1,8745
Nov_2002,90598,Petrol,107,Non-Metallic,Automatic,1600,3,4,5,1,10017
Aug_2002,90312,Petrol,110,Metallic,Manual,1600,3,4,5,0,8427
Nov_2002,90100,Petrol,110,Metallic,Manual,1600,3,4,5,0,8374
Aug_2002,90087,Petrol,110,Metallic,Manual,1600,3,4,5,0,9010
Feb_2002,90064,Petrol,110,Non-Metallic,Manual,1600,5,4,5,1,8745
May_2002,89540,Petrol,110,Metallic,Manual,1600,5,4,5,0,8745
Aug_2002,89466,Petrol,110,Metallic,Manual,1600,4,4,5,0,9487
Jul_2002,89170,Petrol,110,Non-Metallic,Manual,1600,3,4,5,1,8427
Jan_2002,89040,Petrol,110,Non-Metallic,Manual,1600,5,4,5,0,7367
Mar_2002,89040,Petrol,110,Metallic,Manual,1600,5,4,5,0,7685
Apr_2002,89040,Petrol,110,Metallic,Manual,1600,5,4,5,1,8215
Jun_2002,88881,Petrol,110,Metallic,Manual,1600,3,4,5,0,9222
Jan_2002,88552,Petrol,110,Metallic,Manual,1600,5,4,5,0,9487
May_2002,88409,Petrol,110,Metallic,Manual,1600,5,4,5,1,7155
Oct_2002,88288,Petrol,110,Metallic,Manual,1600,5,4,5,0,7950
Dec_2002,88121,Petrol,86,Non-Metallic,Manual,1300,3,4,5,1,8427
Oct_2002,88030,Petrol,86,Metallic,Automatic,1300,3,4,5,1,9487
Oct_2002,87662,Petrol,110,Non-Metallic,Manual,1600,3,4,5,0,8427
Mar_2002,87636,Petrol,86,Non-Metallic,Manual,1300,3,4,5,1,7897
Mar_2002,87551,Petrol,86,Metallic,Manual,1300,3,4,5,0,6307
Jun_2002,87191,Petrol,110,Metallic,Manual,1600,3,4,5,1,8215
Apr_2002,87029,Petrol,86,Metallic,Manual,1300,3,4,5,1,7367
Jan_2002,86942,Petrol,86,Metallic,Manual,1300,5,4,5,0,9275
Oct_2002,86920,Petrol,110,Metallic,Manual,1600,5,4,5,0,9487
Feb_2002,86907,Petrol,110,Metallic,Manual,1600,5,4,5,0,7945
May_2002,86846,Petrol,110,Non-Metallic,Manual,1600,5,4,5,1,8215
Nov_2002,86563,Petrol,110,Non-Metallic,Manual,1600,3,4,5,0,7367
Apr_2002,85315,Petrol,110,Metallic,Manual,1600,5,4,5,0,8469
Mar_2002,84800,Petrol,110,Metallic,Manual,1600,4,4,5,0,7685
Dec_2002,83740,Petrol,86,Non-Metallic,Manual,1300,3,4,5,0,7314
Jul_2002,83628,Petrol,110,Non-Metallic,Manual,1600,5,4,5,0,8215
Mar_2002,83410,Petrol,110,Non-Metallic,Manual,1600,4,4,5,0,7685
Apr_2002,83141,Petrol,86,Non-Metallic,Manual,1300,3,4,5,0,9487
Oct_2002,82956,Petrol,110,Non-Metallic,Manual,1600,3,4,5,0,9010
Sept_2002,82807,Petrol,110,Metallic,Manual,1600,5,4,5,0,8427
Apr_2002,81620,Petrol,86,Non-Metallic,Manual,1300,3,4,5,0,7367
Mar_2002,81620,Petrol,110,Non-Metallic,Manual,1600,3,4,5,0,8480
Jun_2002,80965,Petrol,110,Metallic,Manual,1600,3,4,5,0,8427
May_2002,80844,Petrol,86,Metallic,Manual,1300,3,4,5,0,9010
Aug_2002,80720,Petrol,86,Metallic,Manual,1300,3,4,5,1,7939
Jan_2002,80560,Petrol,110,Non-Metallic,Manual,1600,3,4,5,0,8745
Oct_2002,80560,Petrol,110,Metallic,Manual,1600,5,4,5,0,9805
Sept_2002,80390,Petrol,86,Non-Metallic,Manual,1300,5,4,5,1,8427
Apr_2002,80347,Petrol,110,Metallic,Manual,1600,3,4,5,0,10070
Sept_2002,80056,Petrol,110,Metallic,Manual,1600,3,4,5,0,9487
Mar_2002,79842,Petrol,86,Metallic,Manual,1300,5,4,5,0,8957
Feb_2002,79841,Petrol,110,Metallic,Manual,1600,4,4,5,0,8475
Mar_2002,79740,Petrol,110,Non-Metallic,Manual,1600,4,4,5,0,9275
Oct_2002,79590,Petrol,86,Non-Metallic,Manual,1300,5,4,5,1,6307
Aug_2002,79500,Petrol,110,Non-Metallic,Manual,1600,5,4,5,0,9010
Dec_2002,79500,Petrol,86,Metallic,Manual,1300,4,4,5,0,9487
Dec_2002,79500,Petrol,86,Metallic,Manual,1300,4,4,5,0,9275
Mar_2002,79422,Petrol,110,Metallic,Manual,1600,5,4,5,0,8056
Jan_2002,79272,Petrol,110,Metallic,Manual,1600,5,4,5,1,7574
Dec_2002,79047,Petrol,110,Metallic,Manual,1600,5,4,5,1,8957
Jun_2002,79041,Petrol,86,Metallic,Manual,1300,3,4,5,0,6307
Jan_2002,78648,Petrol,110,Non-Metallic,Manual,1600,5,4,5,0,9540
Jan_2002,78600,Petrol,110,Metallic,Manual,1600,3,4,5,1,7685
Jun_2002,78542,Petrol,110,Metallic,Manual,1600,3,4,5,1,7844
Feb_2002,78539,Petrol,110,Metallic,Manual,1600,5,4,5,0,9328
Oct_2002,78440,Petrol,110,Non-Metallic,Manual,1600,3,4,5,1,8215
Jun_2002,78440,Petrol,86,Metallic,Manual,1300,3,4,5,1,7950
Mar_2002,78056,Petrol,86,Metallic,Automatic,1300,4,4,5,0,8957
Jun_2002,77868,Petrol,110,Metallic,Manual,1600,5,4,5,0,7844
Jan_2002,77592,Petrol,110,Metallic,Manual,1600,5,4,5,1,7950
May_2002,77503,Petrol,110,Metallic,Manual,1600,5,4,5,0,9487
Nov_2002,77395,Petrol,110,Metallic,Manual,1600,5,4,5,0,9487
Apr_2002,77065,Petrol,110,Metallic,Manual,1600,3,4,5,1,8427
Feb_2002,76668,Petrol,110,Metallic,Manual,1600,5,4,5,0,8427
Mar_2002,76555,Petrol,110,Metallic,Manual,1600,5,4,5,0,8427
Oct_2002,76456,Petrol,107,Metallic,Automatic,1600,5,4,5,1,9487
Mar_2002,76415,Petrol,110,Metallic,Manual,1600,5,4,5,0,8215
Mar_2002,76320,Petrol,110,Metallic,Manual,1600,4,4,5,0,8745
Mar_2002,76320,Petrol,110,Non-Metallic,Manual,1600,3,4,5,0,8427
Apr_2002,76214,Petrol,86,Metallic,Manual,1300,3,4,5,0,8215
Apr_2002,76134,Petrol,110,Non-Metallic,Manual,1600,5,4,5,0,9010
Jan_2002,76044,Petrol,110,Metallic,Manual,1600,5,4,5,0,7367
Jan_2002,75790,Petrol,110,Metallic,Manual,1600,4,4,5,0,7950
Feb_2002,75641,Petrol,110,Metallic,Manual,1600,3,4,5,1,8215
Feb_2002,75539,Petrol,86,Non-Metallic,Manual,1300,3,4,5,0,6307
Mar_2002,75457,Petrol,110,Non-Metallic,Manual,1600,3,4,5,1,7950
Sept_2002,75317,Petrol,86,Non-Metallic,Automatic,1300,3,4,5,0,9487
May_2002,75260,Petrol,110,Metallic,Manual,1600,3,4,5,0,8427
Jan_2002,75195,Petrol,110,Metallic,Automatic,1600,5,4,5,0,7314
Apr_2002,75188,Petrol,110,Metallic,Manual,1600,3,4,5,1,7897
Jan_2002,74833,Petrol,107,Metallic,Automatic,1600,3,4,5,1,9010
Aug_2002,74711,Petrol,110,Metallic,Manual,1600,5,4,5,0,7950
Apr_2002,74331,Petrol,110,Metallic,Manual,1600,3,4,5,0,9275
May_2002,74241,Petrol,110,Metallic,Manual,1600,3,4,5,1,7950
Jan_2002,74098,Petrol,110,Non-Metallic,Manual,1600,5,4,5,0,10547
Jun_2002,73551,Petrol,86,Non-Metallic,Manual,1300,3,4,5,0,8427
Jun_2002,73479,Petrol,110,Metallic,Manual,1600,5,4,5,0,10547
Mar_2002,73140,Petrol,110,Metallic,Manual,1600,5,4,5,0,9805
Aug_2002,73127,Petrol,86,Metallic,Manual,1300,5,4,5,0,9805
Feb_2002,73082,Petrol,110,Metallic,Manual,1600,5,4,5,0,10547
Jul_2002,72382,Petrol,110,Metallic,Manual,1600,3,4,5,1,6307
May_2002,72080,Petrol,110,Metallic,Manual,1600,5,4,5,0,8475
Nov_2002,72080,Petrol,86,Metallic,Automatic,1300,3,4,5,0,9487
Jun_2002,71498,Petrol,86,Metallic,Manual,1300,4,4,5,0,7897
May_2002,71302,Petrol,86,Metallic,Manual,1300,5,4,5,1,8745
Mar_2002,71290,Petrol,110,Non-Metallic,Manual,1600,5,4,5,0,9010
Nov_2002,71126,Petrol,110,Metallic,Manual,1600,5,4,5,0,9010
Dec_2002,71118,Diesel,72,Metallic,Manual,2000,3,4,5,1,9964
Jan_2002,70893,Petrol,110,Metallic,Manual,1600,3,4,5,0,7685
Feb_2002,70866,Petrol,110,Metallic,Manual,1600,5,4,5,0,9487
Jan_2002,70854,Petrol,110,Metallic,Manual,1600,5,4,5,0,10017
Jul_2002,70721,Petrol,110,Metallic,Manual,1600,3,4,5,0,9010
Jan_2002,70138,Petrol,86,Metallic,Manual,1300,3,4,5,0,7155
Jan_2002,69907,Petrol,110,Non-Metallic,Manual,1600,5,4,5,1,7844
Mar_2002,69430,Petrol,86,Metallic,Manual,1300,3,4,5,0,9487
Jan_2002,69225,Petrol,110,Metallic,Manual,1600,3,4,5,0,7314
Feb_2002,69169,Petrol,86,Metallic,Manual,1300,3,4,5,0,8215
Oct_2002,68922,Diesel,72,Metallic,Manual,2000,3,4,5,0,9487
Jun_2002,68906,Petrol,86,Metallic,Manual,1300,3,4,5,1,7367
Apr_2002,68137,Petrol,110,Non-Metallic,Manual,1600,4,4,5,0,9005
Jun_2002,67840,Petrol,107,Non-Metallic,Automatic,1600,3,4,5,0,10600
Oct_2002,67840,Petrol,110,Metallic,Manual,1600,5,4,5,0,7419
Jan_2002,67840,Petrol,110,Non-Metallic,Manual,1600,3,4,5,0,9487
Feb_2002,67753,Petrol,110,Non-Metallic,Manual,1600,4,4,5,0,9010
Jun_2002,67452,Petrol,110,Metallic,Manual,1600,4,4,5,0,9275
Jan_2002,67310,Petrol,110,Metallic,Manual,1600,3,4,5,0,7949
Jan_2002,67062,Petrol,110,Metallic,Manual,1600,4,4,5,0,9540
Apr_2002,66351,Petrol,110,Metallic,Manual,1600,3,4,5,1,9487
Jan_2002,66336,Petrol,110,Non-Metallic,Manual,1600,5,4,5,0,7367
Apr_2002,66022,Petrol,110,Metallic,Manual,1600,5,4,5,0,9010
Apr_2002,65620,Petrol,86,Metallic,Automatic,1300,5,4,5,1,8957
Jul_2002,65402,Petrol,110,Non-Metallic,Manual,1600,5,4,5,0,9487
Apr_2002,65347,Petrol,110,Metallic,Manual,1600,5,4,5,1,8745
Jun_2002,65324,Petrol,86,Non-Metallic,Manual,1300,5,4,5,0,8427
Nov_2002,65201,Petrol,110,Non-Metallic,Manual,1600,4,4,5,0,7897
Feb_2002,64835,Petrol,107,Metallic,Automatic,1600,3,4,5,1,9540
Nov_2002,64660,Petrol,110,Metallic,Manual,1600,4,4,5,0,7579
May_2002,64483,Petrol,110,Metallic,Manual,1600,4,4,5,0,8215
Nov_2002,64236,Petrol,86,Non-Metallic,Manual,1300,3,4,5,0,6196
Sept_2002,64112,Petrol,110,Metallic,Manual,1600,5,4,5,0,9010
Jan_2002,64105,Petrol,110,Metallic,Manual,1600,5,4,5,0,8745
Feb_2002,63751,Petrol,110,Non-Metallic,Manual,1600,3,4,5,0,10017
Dec_2002,63653,Petrol,110,Metallic,Manual,1600,3,4,5,0,7155
Apr_2002,63600,Petrol,110,Metallic,Manual,1600,3,4,5,1,8904
May_2002,63600,Petrol,110,Non-Metallic,Manual,1600,3,4,5,1,8374
May_2002,63404,Petrol,110,Metallic,Manual,1587,3,4,5,0,8427
Jan_2002,62886,Petrol,110,Metallic,Manual,1600,5,4,5,0,9275
Aug_2002,62794,Petrol,110,Metallic,Manual,1600,3,4,5,1,10494
Oct_2002,62714,Petrol,110,Non-Metallic,Manual,1600,4,4,5,0,6885
Nov_2002,62558,Petrol,107,Metallic,Automatic,1600,3,4,5,1,8745
Dec_2002,62489,Petrol,110,Metallic,Manual,1600,3,4,5,1,7314
Jul_2002,61961,Petrol,86,Metallic,Manual,1300,3,4,5,1,7950
Jun_2002,61841,Petrol,86,Metallic,Automatic,1300,4,4,5,0,8427
Jan_2002,61763,Petrol,110,Metallic,Manual,1600,5,4,5,0,8745
Jan_2002,61480,Petrol,110,Non-Metallic,Manual,1600,3,4,5,0,9487
Nov_2002,61299,Petrol,110,Non-Metallic,Manual,1600,3,4,5,0,10335
Jan_2002,61254,Petrol,86,Non-Metallic,Manual,1300,3,4,5,1,8745
Mar_2002,61086,Petrol,110,Non-Metallic,Manual,1600,5,4,5,0,9434
Jun_2002,60989,Petrol,86,Metallic,Manual,1300,5,4,5,0,9487
May_2002,60699,Petrol,110,Metallic,Manual,1600,3,4,5,0,7155
Jun_2002,60573,Petrol,110,Metallic,Manual,1600,5,4,5,1,8427
Dec_2002,60522,Petrol,86,Metallic,Manual,1300,3,4,5,1,9116
Jan_2002,60420,Petrol,86,Non-Metallic,Manual,1300,4,4,5,0,8215
Aug_2002,59960,Petrol,110,Metallic,Manual,1600,3,4,5,1,8268
Aug_2002,59685,Petrol,110,Metallic,Manual,1600,3,4,5,1,9275
Feb_2002,59587,Petrol,86,Non-Metallic,Manual,1300,3,4,5,0,10070
Jul_2002,59500,Petrol,110,Non-Metallic,Manual,1600,4,4,5,0,8215
Feb_2002,58750,Petrol,110,Non-Metallic,Manual,1600,5,4,5,0,10547
Apr_2002,57705,Petrol,86,Metallic,Manual,1300,3,4,5,0,8215
Dec_2002,57038,Petrol,110,Metallic,Manual,1600,3,4,5,1,6307
May_2002,56321,Petrol,110,Metallic,Manual,1600,5,4,5,1,11607
Apr_2002,56074,Petrol,110,Metallic,Manual,1600,4,4,5,0,10017
Jan_2002,55862,Petrol,110,Non-Metallic,Manual,1600,3,4,5,1,8745
Dec_2002,55459,Petrol,110,Non-Metallic,Manual,1600,5,4,5,0,10335
Mar_2002,55424,Petrol,110,Non-Metallic,Manual,1600,5,4,5,0,7897
Jun_2002,55120,Petrol,110,Non-Metallic,Manual,1600,5,4,5,0,9275
Dec_2002,55120,Petrol,110,Metallic,Manual,1600,3,4,5,0,9275
Aug_2002,55120,Petrol,110,Metallic,Automatic,1600,4,4,5,0,9010
Nov_2002,54986,Petrol,86,Non-Metallic,Manual,1300,4,4,5,0,9487
Feb_2002,52817,Petrol,86,Metallic,Manual,1300,5,4,5,0,7950
Dec_2002,52618,Petrol,110,Metallic,Manual,1600,4,4,5,0,7685
Jan_2002,52555,Petrol,110,Metallic,Manual,1600,4,4,5,0,7897
May_2002,52120,Petrol,86,Non-Metallic,Manual,1300,3,4,5,0,9275
Apr_2002,51768,Petrol,110,Non-Metallic,Manual,1600,3,4,5,0,10388
Oct_2002,51491,Petrol,86,Metallic,Manual,1300,3,4,5,0,7950
Jun_2002,51304,Petrol,110,Metallic,Manual,1600,5,4,5,0,9487
Jul_2002,51137,Petrol,86,Metallic,Manual,1300,5,4,5,0,9487
Nov_2002,50832,Petrol,110,Metallic,Manual,1600,5,4,5,0,7897
Oct_2002,50491,Petrol,110,Metallic,Manual,1600,5,4,5,0,9487
Mar_2002,50244,Petrol,86,Metallic,Manual,1300,5,4,5,0,11130
Aug_2002,50202,Petrol,86,Non-Metallic,Manual,1300,3,4,5,0,7420
Apr_2002,48237,Petrol,110,Metallic,Manual,1600,3,4,5,1,9010
May_2002,48135,Petrol,86,Metallic,Manual,1300,5,4,5,0,8215
Nov_2002,47541,Petrol,110,Metallic,Manual,1600,3,4,5,1,9487
Dec_2002,47516,Petrol,110,Non-Metallic,Manual,1600,5,4,5,0,8745
Jan_2002,47111,Petrol,110,Metallic,Manual,1600,3,4,5,1,9805
Jun_2002,46343,Petrol,110,Metallic,Manual,1600,5,4,5,1,8374
Mar_2002,46239,Petrol,86,Metallic,Manual,1300,4,4,5,0,9010
May_2002,46144,Petrol,110,Non-Metallic,Manual,1600,5,4,5,0,8427
Dec_2002,45368,Petrol,110,Metallic,Manual,1600,3,4,5,1,10547
Jul_2002,44856,Petrol,107,Metallic,Automatic,1600,5,4,5,0,9275
Jan_2002,44717,Petrol,110,Metallic,Manual,1600,3,4,5,0,7950
Sept_2002,44520,Petrol,110,Metallic,Manual,1600,3,4,5,1,7367
Feb_2002,42499,Petrol,110,Non-Metallic,Manual,1600,5,4,5,0,9487
Feb_2002,42188,Petrol,107,Non-Metallic,Automatic,1600,3,4,5,1,9275
Aug_2002,41518,Petrol,86,Non-Metallic,Manual,1300,3,4,5,1,8215
Jun_2002,41282,Petrol,110,Metallic,Manual,1600,3,4,5,0,8957
May_2002,38729,Petrol,110,Non-Metallic,Automatic,1600,4,4,5,0,8639
Mar_2002,38160,Petrol,86,Non-Metallic,Automatic,1300,3,4,5,0,9010
Mar_2002,38160,Petrol,110,Metallic,Manual,1600,3,4,5,0,8056
Jan_2002,37970,Petrol,86,Non-Metallic,Automatic,1300,3,4,5,0,8427
Aug_2002,36800,Petrol,86,Non-Metallic,Manual,1300,3,4,5,0,8215
Jan_2002,36040,Petrol,86,Metallic,Manual,1300,4,4,5,0,8427
Mar_2002,32822,Petrol,110,Non-Metallic,Automatic,1600,3,4,4,0,10547
Oct_2002,30740,Petrol,86,Metallic,Automatic,1300,3,4,5,0,9487
Sept_2002,27560,Petrol,86,Non-Metallic,Manual,1300,3,4,5,1,8957
Mar_2002,25440,Petrol,86,Metallic,Automatic,1300,5,4,5,0,9487
Jan_2002,24380,Petrol,86,Non-Metallic,Manual,1300,3,4,5,1,8957
Dec_2002,21777,Petrol,86,Metallic,Manual,1300,3,4,5,1,7950
Sept_2002,20140,Petrol,86,Non-Metallic,Manual,1300,3,4,5,1,11496
Oct_2002,18037,Petrol,86,Non-Metallic,Manual,1300,3,4,5,0,9010
Nov_2002,17931,Petrol,86,Metallic,Manual,1300,3,4,5,0,7685
May_2002,1,Petrol,110,Non-Metallic,Manual,1600,5,4,5,0,7367
